[Fri Jul 17 13:30:52 2026] PHP 8.3.6 Development Server (http://localhost:8000) started
[Fri Jul 17 13:31:44 2026] [::1]:38712 Accepted
[Fri Jul 17 13:31:44 2026] [::1]:38712 [200]: GET /login.php
[Fri Jul 17 13:31:44 2026] [::1]:38712 Closing
[Fri Jul 17 13:31:44 2026] [::1]:38726 Accepted
[Fri Jul 17 13:31:44 2026] [::1]:38728 Accepted
[Fri Jul 17 13:31:44 2026] [::1]:38726 [200]: GET /assets/css/style.css
[Fri Jul 17 13:31:44 2026] [::1]:38728 [200]: GET /assets/js/main.js
[Fri Jul 17 13:31:44 2026] [::1]:38726 Closing
[Fri Jul 17 13:31:44 2026] [::1]:38728 Closing
[Fri Jul 17 13:31:47 2026] [::1]:59272 Accepted
[Fri Jul 17 13:31:47 2026] [::1]:59272 [302]: POST /login.php
[Fri Jul 17 13:31:47 2026] [::1]:59272 Closing
[Fri Jul 17 13:31:47 2026] [::1]:59280 Accepted
[Fri Jul 17 13:31:47 2026] [::1]:59280 [200]: GET /superadmin/
[Fri Jul 17 13:31:47 2026] [::1]:59280 Closing
[Fri Jul 17 13:31:47 2026] [::1]:59290 Accepted
[Fri Jul 17 13:31:47 2026] [::1]:59294 Accepted
[Fri Jul 17 13:31:47 2026] [::1]:59290 [200]: GET /assets/css/style.css
[Fri Jul 17 13:31:47 2026] [::1]:59294 [200]: GET /assets/js/main.js
[Fri Jul 17 13:31:47 2026] [::1]:59290 Closing
[Fri Jul 17 13:31:47 2026] [::1]:59294 Closing
[Fri Jul 17 13:35:36 2026] [::1]:50482 Accepted
[Fri Jul 17 13:35:36 2026] [::1]:50482 [200]: GET /login.php
[Fri Jul 17 13:35:36 2026] [::1]:50482 Closing
[Fri Jul 17 13:35:36 2026] [::1]:50492 Accepted
[Fri Jul 17 13:35:36 2026] [::1]:50508 Accepted
[Fri Jul 17 13:35:36 2026] [::1]:50492 [200]: GET /assets/css/style.css
[Fri Jul 17 13:35:36 2026] [::1]:50508 [200]: GET /assets/js/main.js
[Fri Jul 17 13:35:36 2026] [::1]:50492 Closing
[Fri Jul 17 13:35:36 2026] [::1]:50508 Closing
[Fri Jul 17 13:35:39 2026] [::1]:37082 Accepted
[Fri Jul 17 13:35:39 2026] [::1]:37082 [302]: POST /login.php
[Fri Jul 17 13:35:39 2026] [::1]:37082 Closing
[Fri Jul 17 13:35:39 2026] [::1]:37092 Accepted
[Fri Jul 17 13:35:39 2026] [::1]:37092 [200]: GET /superadmin/
[Fri Jul 17 13:35:39 2026] [::1]:37092 Closing
[Fri Jul 17 13:35:39 2026] [::1]:37102 Accepted
[Fri Jul 17 13:35:39 2026] [::1]:37112 Accepted
[Fri Jul 17 13:35:39 2026] [::1]:37102 [200]: GET /assets/css/style.css
[Fri Jul 17 13:35:39 2026] [::1]:37112 [200]: GET /assets/js/main.js
[Fri Jul 17 13:35:39 2026] [::1]:37102 Closing
[Fri Jul 17 13:35:39 2026] [::1]:37112 Closing
[Fri Jul 17 13:45:03 2026] [::1]:38964 Accepted
[Fri Jul 17 13:45:03 2026] [::1]:38964 [200]: GET /login.php
[Fri Jul 17 13:45:03 2026] [::1]:38964 Closing
[Fri Jul 17 13:45:03 2026] [::1]:38976 Accepted
[Fri Jul 17 13:45:03 2026] [::1]:38984 Accepted
[Fri Jul 17 13:45:03 2026] [::1]:38976 [200]: GET /assets/css/style.css
[Fri Jul 17 13:45:03 2026] [::1]:38976 Closing
[Fri Jul 17 13:45:03 2026] [::1]:38984 [200]: GET /assets/js/main.js
[Fri Jul 17 13:45:03 2026] [::1]:38984 Closing
[Fri Jul 17 13:45:05 2026] [::1]:38994 Accepted
[Fri Jul 17 13:45:05 2026] [::1]:38994 [302]: POST /login.php
[Fri Jul 17 13:45:05 2026] [::1]:38994 Closing
[Fri Jul 17 13:45:05 2026] [::1]:39000 Accepted
[Fri Jul 17 13:45:05 2026] [::1]:39000 [200]: GET /superadmin/
[Fri Jul 17 13:45:05 2026] [::1]:39000 Closing
[Fri Jul 17 13:45:05 2026] [::1]:39002 Accepted
[Fri Jul 17 13:45:05 2026] [::1]:39006 Accepted
[Fri Jul 17 13:45:05 2026] [::1]:39002 [200]: GET /assets/css/style.css
[Fri Jul 17 13:45:05 2026] [::1]:39006 [200]: GET /assets/js/main.js
[Fri Jul 17 13:45:05 2026] [::1]:39002 Closing
[Fri Jul 17 13:45:05 2026] [::1]:39006 Closing
[Fri Jul 17 13:45:06 2026] [::1]:39018 Accepted
[Fri Jul 17 13:45:06 2026] PHP Fatal error:  Uncaught Error: Call to undefined function render_wallet_balance_card() in /app/superadmin/wallet.php:140
Stack trace:
#0 {main}
  thrown in /app/superadmin/wallet.php on line 140
[Fri Jul 17 13:45:06 2026] [::1]:39018 [200]: GET /superadmin/wallet.php - Uncaught Error: Call to undefined function render_wallet_balance_card() in /app/superadmin/wallet.php:140
Stack trace:
#0 {main}
  thrown in /app/superadmin/wallet.php on line 140
[Fri Jul 17 13:45:06 2026] [::1]:39018 Closing
[Fri Jul 17 13:45:06 2026] [::1]:39024 Accepted
[Fri Jul 17 13:45:06 2026] [::1]:39024 [200]: GET /assets/css/style.css
[Fri Jul 17 13:45:06 2026] [::1]:39024 Closing
[Fri Jul 17 13:49:27 2026] [::1]:36602 Accepted
[Fri Jul 17 13:49:27 2026] [::1]:36602 [200]: GET /login.php
[Fri Jul 17 13:49:27 2026] [::1]:36602 Closing
[Fri Jul 17 13:49:27 2026] [::1]:36608 Accepted
[Fri Jul 17 13:49:27 2026] [::1]:36622 Accepted
[Fri Jul 17 13:49:27 2026] [::1]:36608 [200]: GET /assets/css/style.css
[Fri Jul 17 13:49:27 2026] [::1]:36622 [200]: GET /assets/js/main.js
[Fri Jul 17 13:49:27 2026] [::1]:36608 Closing
[Fri Jul 17 13:49:27 2026] [::1]:36622 Closing
[Fri Jul 17 13:49:29 2026] [::1]:36634 Accepted
[Fri Jul 17 13:49:29 2026] [::1]:36634 [302]: POST /login.php
[Fri Jul 17 13:49:29 2026] [::1]:36634 Closing
[Fri Jul 17 13:49:29 2026] [::1]:36646 Accepted
[Fri Jul 17 13:49:29 2026] [::1]:36646 [200]: GET /superadmin/
[Fri Jul 17 13:49:29 2026] [::1]:36646 Closing
[Fri Jul 17 13:49:29 2026] [::1]:36652 Accepted
[Fri Jul 17 13:49:29 2026] [::1]:36652 [200]: GET /assets/css/style.css
[Fri Jul 17 13:49:29 2026] [::1]:36652 Closing
[Fri Jul 17 13:49:29 2026] [::1]:36666 Accepted
[Fri Jul 17 13:49:29 2026] [::1]:36666 [200]: GET /assets/js/main.js
[Fri Jul 17 13:49:29 2026] [::1]:36666 Closing
[Fri Jul 17 13:49:31 2026] [::1]:36680 Accepted
[Fri Jul 17 13:49:31 2026] [::1]:36680 [200]: GET /superadmin/wallet.php
[Fri Jul 17 13:49:31 2026] [::1]:36680 Closing
[Fri Jul 17 13:49:31 2026] [::1]:36694 Accepted
[Fri Jul 17 13:49:31 2026] [::1]:36706 Accepted
[Fri Jul 17 13:49:31 2026] [::1]:36694 [200]: GET /assets/css/style.css
[Fri Jul 17 13:49:31 2026] [::1]:36706 [200]: GET /assets/js/main.js
[Fri Jul 17 13:49:31 2026] [::1]:36694 Closing
[Fri Jul 17 13:49:31 2026] [::1]:36706 Closing
[Fri Jul 17 13:49:33 2026] [::1]:36718 Accepted
[Fri Jul 17 13:49:33 2026] [::1]:36718 [200]: POST /superadmin/wallet.php
[Fri Jul 17 13:49:33 2026] [::1]:36718 Closing
[Fri Jul 17 13:49:33 2026] [::1]:36730 Accepted
[Fri Jul 17 13:49:33 2026] [::1]:36730 [200]: GET /assets/css/style.css
[Fri Jul 17 13:49:33 2026] [::1]:36730 Closing
[Fri Jul 17 13:49:33 2026] [::1]:36746 Accepted
[Fri Jul 17 13:49:33 2026] [::1]:36746 [200]: GET /assets/js/main.js
[Fri Jul 17 13:49:33 2026] [::1]:36746 Closing
[Fri Jul 17 13:49:34 2026] [::1]:36758 Accepted
[Fri Jul 17 13:49:34 2026] [::1]:36758 [200]: GET /superadmin/create.php
[Fri Jul 17 13:49:34 2026] [::1]:36758 Closing
[Fri Jul 17 13:49:34 2026] [::1]:36770 Accepted
[Fri Jul 17 13:49:34 2026] [::1]:36784 Accepted
[Fri Jul 17 13:49:34 2026] [::1]:36770 [200]: GET /assets/css/style.css
[Fri Jul 17 13:49:34 2026] [::1]:36784 [200]: GET /assets/js/main.js
[Fri Jul 17 13:49:34 2026] [::1]:36770 Closing
[Fri Jul 17 13:49:34 2026] [::1]:36784 Closing
[Fri Jul 17 13:49:36 2026] [::1]:36794 Accepted
[Fri Jul 17 13:49:36 2026] [::1]:36794 [200]: POST /superadmin/create.php
[Fri Jul 17 13:49:36 2026] [::1]:36794 Closing
[Fri Jul 17 13:49:36 2026] [::1]:36806 Accepted
[Fri Jul 17 13:49:36 2026] [::1]:36806 [200]: GET /assets/css/style.css
[Fri Jul 17 13:49:36 2026] [::1]:36806 Closing
[Fri Jul 17 13:49:36 2026] [::1]:36808 Accepted
[Fri Jul 17 13:49:36 2026] [::1]:36808 [200]: GET /assets/js/main.js
[Fri Jul 17 13:49:36 2026] [::1]:36808 Closing
[Fri Jul 17 13:49:38 2026] [::1]:46146 Accepted
[Fri Jul 17 13:49:38 2026] [::1]:46146 [200]: GET /superadmin/wallet.php
[Fri Jul 17 13:49:38 2026] [::1]:46146 Closing
[Fri Jul 17 13:49:38 2026] [::1]:46150 Accepted
[Fri Jul 17 13:49:38 2026] [::1]:46156 Accepted
[Fri Jul 17 13:49:38 2026] [::1]:46150 [200]: GET /assets/css/style.css
[Fri Jul 17 13:49:38 2026] [::1]:46156 [200]: GET /assets/js/main.js
[Fri Jul 17 13:49:38 2026] [::1]:46150 Closing
[Fri Jul 17 13:49:38 2026] [::1]:46156 Closing
[Fri Jul 17 13:49:40 2026] [::1]:46164 Accepted
[Fri Jul 17 13:49:40 2026] [::1]:46164 [200]: POST /superadmin/wallet.php
[Fri Jul 17 13:49:40 2026] [::1]:46164 Closing
[Fri Jul 17 13:49:40 2026] [::1]:46174 Accepted
[Fri Jul 17 13:49:40 2026] [::1]:46176 Accepted
[Fri Jul 17 13:49:40 2026] [::1]:46174 [200]: GET /assets/css/style.css
[Fri Jul 17 13:49:40 2026] [::1]:46176 [200]: GET /assets/js/main.js
[Fri Jul 17 13:49:40 2026] [::1]:46174 Closing
[Fri Jul 17 13:49:40 2026] [::1]:46176 Closing
[Fri Jul 17 13:49:42 2026] [::1]:46192 Accepted
[Fri Jul 17 13:49:42 2026] [::1]:46192 [302]: GET /logout.php
[Fri Jul 17 13:49:42 2026] [::1]:46192 Closing
[Fri Jul 17 13:49:42 2026] [::1]:46198 Accepted
[Fri Jul 17 13:49:42 2026] [::1]:46198 [200]: GET /login.php
[Fri Jul 17 13:49:42 2026] [::1]:46198 Closing
[Fri Jul 17 13:49:42 2026] [::1]:46210 Accepted
[Fri Jul 17 13:49:42 2026] [::1]:46214 Accepted
[Fri Jul 17 13:49:42 2026] [::1]:46210 [200]: GET /assets/css/style.css
[Fri Jul 17 13:49:42 2026] [::1]:46214 [200]: GET /assets/js/main.js
[Fri Jul 17 13:49:42 2026] [::1]:46210 Closing
[Fri Jul 17 13:49:42 2026] [::1]:46214 Closing
[Fri Jul 17 13:49:44 2026] [::1]:46224 Accepted
[Fri Jul 17 13:49:44 2026] [::1]:46224 [302]: POST /login.php
[Fri Jul 17 13:49:44 2026] [::1]:46224 Closing
[Fri Jul 17 13:49:44 2026] [::1]:46240 Accepted
[Fri Jul 17 13:49:44 2026] [::1]:46240 [200]: GET /admin/
[Fri Jul 17 13:49:44 2026] [::1]:46240 Closing
[Fri Jul 17 13:49:44 2026] [::1]:46252 Accepted
[Fri Jul 17 13:49:44 2026] [::1]:46268 Accepted
[Fri Jul 17 13:49:44 2026] [::1]:46252 [200]: GET /assets/css/style.css
[Fri Jul 17 13:49:44 2026] [::1]:46268 [200]: GET /assets/js/main.js
[Fri Jul 17 13:49:44 2026] [::1]:46252 Closing
[Fri Jul 17 13:49:44 2026] [::1]:46268 Closing
[Fri Jul 17 13:49:46 2026] [::1]:46282 Accepted
[Fri Jul 17 13:49:46 2026] PHP Warning:  Trying to access array offset on false in /app/includes/components.php on line 120
[Fri Jul 17 13:49:46 2026] PHP Deprecated:  number_format(): Passing null to parameter #1 ($num) of type float is deprecated in /app/includes/components.php on line 120
[Fri Jul 17 13:49:46 2026] PHP Warning:  Trying to access array offset on false in /app/includes/components.php on line 126
[Fri Jul 17 13:49:46 2026] PHP Deprecated:  number_format(): Passing null to parameter #1 ($num) of type float is deprecated in /app/includes/components.php on line 126
[Fri Jul 17 13:49:46 2026] PHP Warning:  Trying to access array offset on false in /app/includes/components.php on line 132
[Fri Jul 17 13:49:46 2026] PHP Deprecated:  number_format(): Passing null to parameter #1 ($num) of type float is deprecated in /app/includes/components.php on line 132
[Fri Jul 17 13:49:46 2026] [::1]:46282 [200]: GET /admin/wallet.php
[Fri Jul 17 13:49:46 2026] [::1]:46282 Closing
[Fri Jul 17 13:49:46 2026] [::1]:46292 Accepted
[Fri Jul 17 13:49:46 2026] [::1]:46292 [200]: GET /assets/css/style.css
[Fri Jul 17 13:49:46 2026] [::1]:46292 Closing
[Fri Jul 17 13:49:46 2026] [::1]:46298 Accepted
[Fri Jul 17 13:49:46 2026] [::1]:46298 [200]: GET /assets/js/main.js
[Fri Jul 17 13:49:46 2026] [::1]:46298 Closing
[Fri Jul 17 13:49:47 2026] [::1]:37210 Accepted
[Fri Jul 17 13:49:47 2026] [::1]:37210 [200]: GET /admin/create.php
[Fri Jul 17 13:49:47 2026] [::1]:37210 Closing
[Fri Jul 17 13:49:47 2026] [::1]:37212 Accepted
[Fri Jul 17 13:49:47 2026] [::1]:37214 Accepted
[Fri Jul 17 13:49:47 2026] [::1]:37212 [200]: GET /assets/css/style.css
[Fri Jul 17 13:49:47 2026] [::1]:37214 [200]: GET /assets/js/main.js
[Fri Jul 17 13:49:47 2026] [::1]:37212 Closing
[Fri Jul 17 13:49:47 2026] [::1]:37214 Closing
[Fri Jul 17 13:49:49 2026] [::1]:37218 Accepted
[Fri Jul 17 13:49:49 2026] [::1]:37218 [200]: POST /admin/create.php
[Fri Jul 17 13:49:49 2026] [::1]:37218 Closing
[Fri Jul 17 13:49:49 2026] [::1]:37228 Accepted
[Fri Jul 17 13:49:49 2026] [::1]:37238 Accepted
[Fri Jul 17 13:49:49 2026] [::1]:37228 [200]: GET /assets/css/style.css
[Fri Jul 17 13:49:49 2026] [::1]:37238 [200]: GET /assets/js/main.js
[Fri Jul 17 13:49:49 2026] [::1]:37228 Closing
[Fri Jul 17 13:49:49 2026] [::1]:37238 Closing
[Fri Jul 17 13:49:51 2026] [::1]:37254 Accepted
[Fri Jul 17 13:49:51 2026] PHP Warning:  Trying to access array offset on false in /app/includes/components.php on line 120
[Fri Jul 17 13:49:51 2026] PHP Deprecated:  number_format(): Passing null to parameter #1 ($num) of type float is deprecated in /app/includes/components.php on line 120
[Fri Jul 17 13:49:51 2026] PHP Warning:  Trying to access array offset on false in /app/includes/components.php on line 126
[Fri Jul 17 13:49:51 2026] PHP Deprecated:  number_format(): Passing null to parameter #1 ($num) of type float is deprecated in /app/includes/components.php on line 126
[Fri Jul 17 13:49:51 2026] PHP Warning:  Trying to access array offset on false in /app/includes/components.php on line 132
[Fri Jul 17 13:49:51 2026] PHP Deprecated:  number_format(): Passing null to parameter #1 ($num) of type float is deprecated in /app/includes/components.php on line 132
[Fri Jul 17 13:49:51 2026] [::1]:37254 [200]: GET /admin/wallet.php
[Fri Jul 17 13:49:51 2026] [::1]:37254 Closing
[Fri Jul 17 13:49:51 2026] [::1]:37266 Accepted
[Fri Jul 17 13:49:51 2026] [::1]:37282 Accepted
[Fri Jul 17 13:49:51 2026] [::1]:37266 [200]: GET /assets/css/style.css
[Fri Jul 17 13:49:51 2026] [::1]:37282 [200]: GET /assets/js/main.js
[Fri Jul 17 13:49:51 2026] [::1]:37266 Closing
[Fri Jul 17 13:49:51 2026] [::1]:37282 Closing
[Fri Jul 17 13:49:53 2026] [::1]:37298 Accepted
[Fri Jul 17 13:49:53 2026] PHP Warning:  Trying to access array offset on false in /app/includes/components.php on line 120
[Fri Jul 17 13:49:53 2026] PHP Deprecated:  number_format(): Passing null to parameter #1 ($num) of type float is deprecated in /app/includes/components.php on line 120
[Fri Jul 17 13:49:53 2026] PHP Warning:  Trying to access array offset on false in /app/includes/components.php on line 126
[Fri Jul 17 13:49:53 2026] PHP Deprecated:  number_format(): Passing null to parameter #1 ($num) of type float is deprecated in /app/includes/components.php on line 126
[Fri Jul 17 13:49:53 2026] PHP Warning:  Trying to access array offset on false in /app/includes/components.php on line 132
[Fri Jul 17 13:49:53 2026] PHP Deprecated:  number_format(): Passing null to parameter #1 ($num) of type float is deprecated in /app/includes/components.php on line 132
[Fri Jul 17 13:49:53 2026] [::1]:37298 [200]: POST /admin/wallet.php
[Fri Jul 17 13:49:53 2026] [::1]:37298 Closing
[Fri Jul 17 13:49:53 2026] [::1]:37308 Accepted
[Fri Jul 17 13:49:53 2026] [::1]:37320 Accepted
[Fri Jul 17 13:49:53 2026] [::1]:37308 [200]: GET /assets/css/style.css
[Fri Jul 17 13:49:53 2026] [::1]:37308 Closing
[Fri Jul 17 13:49:53 2026] [::1]:37320 [200]: GET /assets/js/main.js
[Fri Jul 17 13:49:53 2026] [::1]:37320 Closing
[Fri Jul 17 13:49:55 2026] [::1]:37324 Accepted
[Fri Jul 17 13:49:55 2026] [::1]:37324 [302]: GET /logout.php
[Fri Jul 17 13:49:55 2026] [::1]:37324 Closing
[Fri Jul 17 13:49:55 2026] [::1]:37330 Accepted
[Fri Jul 17 13:49:55 2026] [::1]:37330 [200]: GET /login.php
[Fri Jul 17 13:49:55 2026] [::1]:37330 Closing
[Fri Jul 17 13:49:55 2026] [::1]:37346 Accepted
[Fri Jul 17 13:49:55 2026] [::1]:37346 [200]: GET /assets/css/style.css
[Fri Jul 17 13:49:55 2026] [::1]:37346 Closing
[Fri Jul 17 13:49:55 2026] [::1]:37358 Accepted
[Fri Jul 17 13:49:55 2026] [::1]:37358 [200]: GET /assets/js/main.js
[Fri Jul 17 13:49:55 2026] [::1]:37358 Closing
[Fri Jul 17 13:49:57 2026] [::1]:37626 Accepted
[Fri Jul 17 13:49:57 2026] [::1]:37626 [302]: POST /login.php
[Fri Jul 17 13:49:57 2026] [::1]:37626 Closing
[Fri Jul 17 13:49:57 2026] [::1]:37636 Accepted
[Fri Jul 17 13:49:57 2026] [::1]:37636 [200]: GET /manager/
[Fri Jul 17 13:49:57 2026] [::1]:37636 Closing
[Fri Jul 17 13:49:57 2026] [::1]:37646 Accepted
[Fri Jul 17 13:49:57 2026] [::1]:37662 Accepted
[Fri Jul 17 13:49:57 2026] [::1]:37646 [200]: GET /assets/css/style.css
[Fri Jul 17 13:49:57 2026] [::1]:37662 [200]: GET /assets/js/main.js
[Fri Jul 17 13:49:57 2026] [::1]:37646 Closing
[Fri Jul 17 13:49:57 2026] [::1]:37662 Closing
[Fri Jul 17 13:49:59 2026] [::1]:37664 Accepted
[Fri Jul 17 13:49:59 2026] [::1]:37664 [200]: GET /manager/create.php
[Fri Jul 17 13:49:59 2026] [::1]:37664 Closing
[Fri Jul 17 13:49:59 2026] [::1]:37676 Accepted
[Fri Jul 17 13:49:59 2026] [::1]:37676 [200]: GET /assets/css/style.css
[Fri Jul 17 13:49:59 2026] [::1]:37676 Closing
[Fri Jul 17 13:49:59 2026] [::1]:37692 Accepted
[Fri Jul 17 13:49:59 2026] [::1]:37692 [200]: GET /assets/js/main.js
[Fri Jul 17 13:49:59 2026] [::1]:37692 Closing
[Fri Jul 17 13:50:00 2026] [::1]:37694 Accepted
[Fri Jul 17 13:50:00 2026] [::1]:37694 [200]: POST /manager/create.php
[Fri Jul 17 13:50:00 2026] [::1]:37694 Closing
[Fri Jul 17 13:50:00 2026] [::1]:37704 Accepted
[Fri Jul 17 13:50:00 2026] [::1]:37704 [200]: GET /assets/css/style.css
[Fri Jul 17 13:50:00 2026] [::1]:37704 Closing
[Fri Jul 17 13:50:00 2026] [::1]:37706 Accepted
[Fri Jul 17 13:50:00 2026] [::1]:37706 [200]: GET /assets/js/main.js
[Fri Jul 17 13:50:00 2026] [::1]:37706 Closing
[Fri Jul 17 13:50:02 2026] [::1]:37718 Accepted
[Fri Jul 17 13:50:02 2026] PHP Warning:  Trying to access array offset on false in /app/includes/components.php on line 120
[Fri Jul 17 13:50:02 2026] PHP Deprecated:  number_format(): Passing null to parameter #1 ($num) of type float is deprecated in /app/includes/components.php on line 120
[Fri Jul 17 13:50:02 2026] PHP Warning:  Trying to access array offset on false in /app/includes/components.php on line 126
[Fri Jul 17 13:50:02 2026] PHP Deprecated:  number_format(): Passing null to parameter #1 ($num) of type float is deprecated in /app/includes/components.php on line 126
[Fri Jul 17 13:50:02 2026] PHP Warning:  Trying to access array offset on false in /app/includes/components.php on line 132
[Fri Jul 17 13:50:02 2026] PHP Deprecated:  number_format(): Passing null to parameter #1 ($num) of type float is deprecated in /app/includes/components.php on line 132
[Fri Jul 17 13:50:02 2026] [::1]:37718 [200]: GET /manager/wallet.php
[Fri Jul 17 13:50:02 2026] [::1]:37718 Closing
[Fri Jul 17 13:50:02 2026] [::1]:37732 Accepted
[Fri Jul 17 13:50:02 2026] [::1]:37740 Accepted
[Fri Jul 17 13:50:02 2026] [::1]:37732 [200]: GET /assets/css/style.css
[Fri Jul 17 13:50:02 2026] [::1]:37732 Closing
[Fri Jul 17 13:50:02 2026] [::1]:37740 [200]: GET /assets/js/main.js
[Fri Jul 17 13:50:02 2026] [::1]:37740 Closing
[Fri Jul 17 13:50:04 2026] [::1]:37752 Accepted
[Fri Jul 17 13:50:04 2026] PHP Warning:  Trying to access array offset on false in /app/includes/components.php on line 120
[Fri Jul 17 13:50:04 2026] PHP Deprecated:  number_format(): Passing null to parameter #1 ($num) of type float is deprecated in /app/includes/components.php on line 120
[Fri Jul 17 13:50:04 2026] PHP Warning:  Trying to access array offset on false in /app/includes/components.php on line 126
[Fri Jul 17 13:50:04 2026] PHP Deprecated:  number_format(): Passing null to parameter #1 ($num) of type float is deprecated in /app/includes/components.php on line 126
[Fri Jul 17 13:50:04 2026] PHP Warning:  Trying to access array offset on false in /app/includes/components.php on line 132
[Fri Jul 17 13:50:04 2026] PHP Deprecated:  number_format(): Passing null to parameter #1 ($num) of type float is deprecated in /app/includes/components.php on line 132
[Fri Jul 17 13:50:04 2026] [::1]:37752 [200]: POST /manager/wallet.php
[Fri Jul 17 13:50:04 2026] [::1]:37752 Closing
[Fri Jul 17 13:50:04 2026] [::1]:37768 Accepted
[Fri Jul 17 13:50:04 2026] [::1]:37774 Accepted
[Fri Jul 17 13:50:04 2026] [::1]:37768 [200]: GET /assets/css/style.css
[Fri Jul 17 13:50:04 2026] [::1]:37774 [200]: GET /assets/js/main.js
[Fri Jul 17 13:50:04 2026] [::1]:37768 Closing
[Fri Jul 17 13:50:04 2026] [::1]:37774 Closing
[Fri Jul 17 13:50:06 2026] [::1]:37778 Accepted
[Fri Jul 17 13:50:06 2026] [::1]:37778 [302]: GET /logout.php
[Fri Jul 17 13:50:06 2026] [::1]:37778 Closing
[Fri Jul 17 13:50:06 2026] [::1]:37788 Accepted
[Fri Jul 17 13:50:06 2026] [::1]:37788 [200]: GET /login.php
[Fri Jul 17 13:50:06 2026] [::1]:37788 Closing
[Fri Jul 17 13:50:06 2026] [::1]:37790 Accepted
[Fri Jul 17 13:50:06 2026] [::1]:37800 Accepted
[Fri Jul 17 13:50:06 2026] [::1]:37790 [200]: GET /assets/css/style.css
[Fri Jul 17 13:50:06 2026] [::1]:37800 [200]: GET /assets/js/main.js
[Fri Jul 17 13:50:06 2026] [::1]:37790 Closing
[Fri Jul 17 13:50:06 2026] [::1]:37800 Closing
[Fri Jul 17 13:50:08 2026] [::1]:58300 Accepted
[Fri Jul 17 13:50:08 2026] [::1]:58300 [302]: POST /login.php
[Fri Jul 17 13:50:08 2026] [::1]:58300 Closing
[Fri Jul 17 13:50:08 2026] [::1]:58306 Accepted
[Fri Jul 17 13:50:08 2026] [::1]:58306 [200]: GET /superagent/
[Fri Jul 17 13:50:08 2026] [::1]:58306 Closing
[Fri Jul 17 13:50:08 2026] [::1]:58318 Accepted
[Fri Jul 17 13:50:08 2026] [::1]:58318 [200]: GET /assets/css/style.css
[Fri Jul 17 13:50:08 2026] [::1]:58318 Closing
[Fri Jul 17 13:50:08 2026] [::1]:58334 Accepted
[Fri Jul 17 13:50:08 2026] [::1]:58334 [200]: GET /assets/js/main.js
[Fri Jul 17 13:50:08 2026] [::1]:58334 Closing
[Fri Jul 17 13:50:10 2026] [::1]:58338 Accepted
[Fri Jul 17 13:50:10 2026] [::1]:58338 [200]: GET /superagent/create.php
[Fri Jul 17 13:50:10 2026] [::1]:58338 Closing
[Fri Jul 17 13:50:10 2026] [::1]:58340 Accepted
[Fri Jul 17 13:50:10 2026] [::1]:58342 Accepted
[Fri Jul 17 13:50:10 2026] [::1]:58340 [200]: GET /assets/css/style.css
[Fri Jul 17 13:50:10 2026] [::1]:58342 [200]: GET /assets/js/main.js
[Fri Jul 17 13:50:10 2026] [::1]:58340 Closing
[Fri Jul 17 13:50:10 2026] [::1]:58342 Closing
[Fri Jul 17 13:50:11 2026] [::1]:58346 Accepted
[Fri Jul 17 13:50:12 2026] [::1]:58346 [200]: POST /superagent/create.php
[Fri Jul 17 13:50:12 2026] [::1]:58346 Closing
[Fri Jul 17 13:50:12 2026] [::1]:58352 Accepted
[Fri Jul 17 13:50:12 2026] [::1]:58366 Accepted
[Fri Jul 17 13:50:12 2026] [::1]:58352 [200]: GET /assets/css/style.css
[Fri Jul 17 13:50:12 2026] [::1]:58366 [200]: GET /assets/js/main.js
[Fri Jul 17 13:50:12 2026] [::1]:58352 Closing
[Fri Jul 17 13:50:12 2026] [::1]:58366 Closing
[Fri Jul 17 13:50:13 2026] [::1]:58374 Accepted
[Fri Jul 17 13:50:13 2026] PHP Warning:  Trying to access array offset on false in /app/includes/components.php on line 120
[Fri Jul 17 13:50:13 2026] PHP Deprecated:  number_format(): Passing null to parameter #1 ($num) of type float is deprecated in /app/includes/components.php on line 120
[Fri Jul 17 13:50:13 2026] PHP Warning:  Trying to access array offset on false in /app/includes/components.php on line 126
[Fri Jul 17 13:50:13 2026] PHP Deprecated:  number_format(): Passing null to parameter #1 ($num) of type float is deprecated in /app/includes/components.php on line 126
[Fri Jul 17 13:50:13 2026] PHP Warning:  Trying to access array offset on false in /app/includes/components.php on line 132
[Fri Jul 17 13:50:13 2026] PHP Deprecated:  number_format(): Passing null to parameter #1 ($num) of type float is deprecated in /app/includes/components.php on line 132
[Fri Jul 17 13:50:13 2026] [::1]:58374 [200]: GET /superagent/wallet.php
[Fri Jul 17 13:50:13 2026] [::1]:58374 Closing
[Fri Jul 17 13:50:13 2026] [::1]:58384 Accepted
[Fri Jul 17 13:50:13 2026] [::1]:58400 Accepted
[Fri Jul 17 13:50:13 2026] [::1]:58384 [200]: GET /assets/css/style.css
[Fri Jul 17 13:50:13 2026] [::1]:58400 [200]: GET /assets/js/main.js
[Fri Jul 17 13:50:13 2026] [::1]:58384 Closing
[Fri Jul 17 13:50:13 2026] [::1]:58400 Closing
[Fri Jul 17 13:50:16 2026] [::1]:58408 Accepted
[Fri Jul 17 13:50:16 2026] PHP Warning:  Trying to access array offset on false in /app/includes/components.php on line 120
[Fri Jul 17 13:50:16 2026] PHP Deprecated:  number_format(): Passing null to parameter #1 ($num) of type float is deprecated in /app/includes/components.php on line 120
[Fri Jul 17 13:50:16 2026] PHP Warning:  Trying to access array offset on false in /app/includes/components.php on line 126
[Fri Jul 17 13:50:16 2026] PHP Deprecated:  number_format(): Passing null to parameter #1 ($num) of type float is deprecated in /app/includes/components.php on line 126
[Fri Jul 17 13:50:16 2026] PHP Warning:  Trying to access array offset on false in /app/includes/components.php on line 132
[Fri Jul 17 13:50:16 2026] PHP Deprecated:  number_format(): Passing null to parameter #1 ($num) of type float is deprecated in /app/includes/components.php on line 132
[Fri Jul 17 13:50:16 2026] [::1]:58408 [200]: POST /superagent/wallet.php
[Fri Jul 17 13:50:16 2026] [::1]:58408 Closing
[Fri Jul 17 13:50:16 2026] [::1]:58424 Accepted
[Fri Jul 17 13:50:16 2026] [::1]:58428 Accepted
[Fri Jul 17 13:50:16 2026] [::1]:58424 [200]: GET /assets/css/style.css
[Fri Jul 17 13:50:16 2026] [::1]:58428 [200]: GET /assets/js/main.js
[Fri Jul 17 13:50:16 2026] [::1]:58424 Closing
[Fri Jul 17 13:50:16 2026] [::1]:58428 Closing
[Fri Jul 17 13:50:17 2026] [::1]:42094 Accepted
[Fri Jul 17 13:50:17 2026] [::1]:42094 [302]: GET /logout.php
[Fri Jul 17 13:50:17 2026] [::1]:42094 Closing
[Fri Jul 17 13:50:17 2026] [::1]:42096 Accepted
[Fri Jul 17 13:50:17 2026] [::1]:42096 [200]: GET /login.php
[Fri Jul 17 13:50:17 2026] [::1]:42096 Closing
[Fri Jul 17 13:50:17 2026] [::1]:42098 Accepted
[Fri Jul 17 13:50:17 2026] [::1]:42112 Accepted
[Fri Jul 17 13:50:17 2026] [::1]:42098 [200]: GET /assets/css/style.css
[Fri Jul 17 13:50:17 2026] [::1]:42112 [200]: GET /assets/js/main.js
[Fri Jul 17 13:50:17 2026] [::1]:42098 Closing
[Fri Jul 17 13:50:17 2026] [::1]:42112 Closing
[Fri Jul 17 13:50:19 2026] [::1]:42118 Accepted
[Fri Jul 17 13:50:20 2026] [::1]:42118 [302]: POST /login.php
[Fri Jul 17 13:50:20 2026] [::1]:42118 Closing
[Fri Jul 17 13:50:20 2026] [::1]:42124 Accepted
[Fri Jul 17 13:50:20 2026] [::1]:42124 [200]: GET /agent/
[Fri Jul 17 13:50:20 2026] [::1]:42124 Closing
[Fri Jul 17 13:50:20 2026] [::1]:42132 Accepted
[Fri Jul 17 13:50:20 2026] [::1]:42132 [200]: GET /assets/css/style.css
[Fri Jul 17 13:50:20 2026] [::1]:42132 Closing
[Fri Jul 17 13:50:20 2026] [::1]:42142 Accepted
[Fri Jul 17 13:50:20 2026] [::1]:42142 [200]: GET /assets/js/main.js
[Fri Jul 17 13:50:20 2026] [::1]:42142 Closing
[Fri Jul 17 13:50:21 2026] [::1]:42154 Accepted
[Fri Jul 17 13:50:21 2026] [::1]:42154 [200]: GET /agent/create.php
[Fri Jul 17 13:50:21 2026] [::1]:42154 Closing
[Fri Jul 17 13:50:21 2026] [::1]:42158 Accepted
[Fri Jul 17 13:50:21 2026] [::1]:42172 Accepted
[Fri Jul 17 13:50:21 2026] [::1]:42158 [200]: GET /assets/css/style.css
[Fri Jul 17 13:50:21 2026] [::1]:42172 [200]: GET /assets/js/main.js
[Fri Jul 17 13:50:21 2026] [::1]:42158 Closing
[Fri Jul 17 13:50:21 2026] [::1]:42172 Closing
[Fri Jul 17 13:50:23 2026] [::1]:42184 Accepted
[Fri Jul 17 13:50:23 2026] [::1]:42184 [200]: POST /agent/create.php
[Fri Jul 17 13:50:23 2026] [::1]:42184 Closing
[Fri Jul 17 13:50:23 2026] [::1]:42188 Accepted
[Fri Jul 17 13:50:23 2026] [::1]:42192 Accepted
[Fri Jul 17 13:50:23 2026] [::1]:42188 [200]: GET /assets/css/style.css
[Fri Jul 17 13:50:23 2026] [::1]:42192 [200]: GET /assets/js/main.js
[Fri Jul 17 13:50:23 2026] [::1]:42188 Closing
[Fri Jul 17 13:50:23 2026] [::1]:42192 Closing
[Fri Jul 17 13:50:24 2026] [::1]:42200 Accepted
[Fri Jul 17 13:50:24 2026] PHP Warning:  Trying to access array offset on false in /app/includes/components.php on line 120
[Fri Jul 17 13:50:24 2026] PHP Deprecated:  number_format(): Passing null to parameter #1 ($num) of type float is deprecated in /app/includes/components.php on line 120
[Fri Jul 17 13:50:24 2026] PHP Warning:  Trying to access array offset on false in /app/includes/components.php on line 126
[Fri Jul 17 13:50:24 2026] PHP Deprecated:  number_format(): Passing null to parameter #1 ($num) of type float is deprecated in /app/includes/components.php on line 126
[Fri Jul 17 13:50:24 2026] PHP Warning:  Trying to access array offset on false in /app/includes/components.php on line 132
[Fri Jul 17 13:50:24 2026] PHP Deprecated:  number_format(): Passing null to parameter #1 ($num) of type float is deprecated in /app/includes/components.php on line 132
[Fri Jul 17 13:50:24 2026] [::1]:42200 [200]: GET /agent/wallet.php
[Fri Jul 17 13:50:24 2026] [::1]:42200 Closing
[Fri Jul 17 13:50:24 2026] [::1]:42216 Accepted
[Fri Jul 17 13:50:24 2026] [::1]:42226 Accepted
[Fri Jul 17 13:50:24 2026] [::1]:42216 [200]: GET /assets/css/style.css
[Fri Jul 17 13:50:24 2026] [::1]:42226 [200]: GET /assets/js/main.js
[Fri Jul 17 13:50:24 2026] [::1]:42216 Closing
[Fri Jul 17 13:50:24 2026] [::1]:42226 Closing
[Fri Jul 17 13:50:27 2026] [::1]:60546 Accepted
[Fri Jul 17 13:50:27 2026] PHP Warning:  Trying to access array offset on false in /app/includes/components.php on line 120
[Fri Jul 17 13:50:27 2026] PHP Deprecated:  number_format(): Passing null to parameter #1 ($num) of type float is deprecated in /app/includes/components.php on line 120
[Fri Jul 17 13:50:27 2026] PHP Warning:  Trying to access array offset on false in /app/includes/components.php on line 126
[Fri Jul 17 13:50:27 2026] PHP Deprecated:  number_format(): Passing null to parameter #1 ($num) of type float is deprecated in /app/includes/components.php on line 126
[Fri Jul 17 13:50:27 2026] PHP Warning:  Trying to access array offset on false in /app/includes/components.php on line 132
[Fri Jul 17 13:50:27 2026] PHP Deprecated:  number_format(): Passing null to parameter #1 ($num) of type float is deprecated in /app/includes/components.php on line 132
[Fri Jul 17 13:50:27 2026] [::1]:60546 [200]: POST /agent/wallet.php
[Fri Jul 17 13:50:27 2026] [::1]:60546 Closing
[Fri Jul 17 13:50:27 2026] [::1]:60552 Accepted
[Fri Jul 17 13:50:27 2026] [::1]:60562 Accepted
[Fri Jul 17 13:50:27 2026] [::1]:60552 [200]: GET /assets/css/style.css
[Fri Jul 17 13:50:27 2026] [::1]:60562 [200]: GET /assets/js/main.js
[Fri Jul 17 13:50:27 2026] [::1]:60552 Closing
[Fri Jul 17 13:50:27 2026] [::1]:60562 Closing
[Fri Jul 17 13:50:29 2026] [::1]:60570 Accepted
[Fri Jul 17 13:50:29 2026] [::1]:60570 [302]: GET /logout.php
[Fri Jul 17 13:50:29 2026] [::1]:60570 Closing
[Fri Jul 17 13:50:29 2026] [::1]:60576 Accepted
[Fri Jul 17 13:50:29 2026] [::1]:60576 [200]: GET /login.php
[Fri Jul 17 13:50:29 2026] [::1]:60576 Closing
[Fri Jul 17 13:50:29 2026] [::1]:60590 Accepted
[Fri Jul 17 13:50:29 2026] [::1]:60592 Accepted
[Fri Jul 17 13:50:29 2026] [::1]:60590 [200]: GET /assets/css/style.css
[Fri Jul 17 13:50:29 2026] [::1]:60592 [200]: GET /assets/js/main.js
[Fri Jul 17 13:50:29 2026] [::1]:60590 Closing
[Fri Jul 17 13:50:29 2026] [::1]:60592 Closing
[Fri Jul 17 13:50:31 2026] [::1]:60594 Accepted
[Fri Jul 17 13:50:31 2026] [::1]:60594 [302]: POST /login.php
[Fri Jul 17 13:50:31 2026] [::1]:60594 Closing
[Fri Jul 17 13:50:31 2026] [::1]:60596 Accepted
[Fri Jul 17 13:50:31 2026] [::1]:60596 [200]: GET /user/
[Fri Jul 17 13:50:31 2026] [::1]:60596 Closing
[Fri Jul 17 13:50:31 2026] [::1]:60604 Accepted
[Fri Jul 17 13:50:31 2026] [::1]:60604 [200]: GET /assets/css/style.css
[Fri Jul 17 13:50:31 2026] [::1]:60604 Closing
[Fri Jul 17 13:50:31 2026] [::1]:60620 Accepted
[Fri Jul 17 13:50:31 2026] [::1]:60620 [200]: GET /assets/js/main.js
[Fri Jul 17 13:50:31 2026] [::1]:60620 Closing
[Fri Jul 17 13:53:15 2026] [::1]:56218 Accepted
[Fri Jul 17 13:53:15 2026] [::1]:56218 [200]: GET /login.php
[Fri Jul 17 13:53:15 2026] [::1]:56218 Closing
[Fri Jul 17 13:53:15 2026] [::1]:56224 Accepted
[Fri Jul 17 13:53:15 2026] [::1]:56228 Accepted
[Fri Jul 17 13:53:15 2026] [::1]:56224 [200]: GET /assets/css/style.css
[Fri Jul 17 13:53:15 2026] [::1]:56228 [200]: GET /assets/js/main.js
[Fri Jul 17 13:53:15 2026] [::1]:56224 Closing
[Fri Jul 17 13:53:15 2026] [::1]:56228 Closing
[Fri Jul 17 13:53:17 2026] [::1]:46766 Accepted
[Fri Jul 17 13:53:17 2026] [::1]:46766 [302]: POST /login.php
[Fri Jul 17 13:53:17 2026] [::1]:46766 Closing
[Fri Jul 17 13:53:17 2026] [::1]:46780 Accepted
[Fri Jul 17 13:53:17 2026] [::1]:46780 [200]: GET /superadmin/
[Fri Jul 17 13:53:17 2026] [::1]:46780 Closing
[Fri Jul 17 13:53:17 2026] [::1]:46782 Accepted
[Fri Jul 17 13:53:17 2026] [::1]:46792 Accepted
[Fri Jul 17 13:53:17 2026] [::1]:46782 [200]: GET /assets/css/style.css
[Fri Jul 17 13:53:17 2026] [::1]:46792 [200]: GET /assets/js/main.js
[Fri Jul 17 13:53:17 2026] [::1]:46782 Closing
[Fri Jul 17 13:53:17 2026] [::1]:46792 Closing
[Fri Jul 17 13:53:19 2026] [::1]:46804 Accepted
[Fri Jul 17 13:53:19 2026] [::1]:46804 [200]: GET /superadmin/wallet.php
[Fri Jul 17 13:53:19 2026] [::1]:46804 Closing
[Fri Jul 17 13:53:19 2026] [::1]:46812 Accepted
[Fri Jul 17 13:53:19 2026] [::1]:46812 [200]: GET /assets/css/style.css
[Fri Jul 17 13:53:19 2026] [::1]:46812 Closing
[Fri Jul 17 13:53:19 2026] [::1]:46814 Accepted
[Fri Jul 17 13:53:19 2026] [::1]:46814 [200]: GET /assets/js/main.js
[Fri Jul 17 13:53:19 2026] [::1]:46814 Closing
[Fri Jul 17 13:53:20 2026] [::1]:46818 Accepted
[Fri Jul 17 13:53:20 2026] [::1]:46818 [200]: POST /superadmin/wallet.php
[Fri Jul 17 13:53:20 2026] [::1]:46818 Closing
[Fri Jul 17 13:53:20 2026] [::1]:46834 Accepted
[Fri Jul 17 13:53:20 2026] [::1]:46848 Accepted
[Fri Jul 17 13:53:20 2026] [::1]:46834 [200]: GET /assets/css/style.css
[Fri Jul 17 13:53:20 2026] [::1]:46848 [200]: GET /assets/js/main.js
[Fri Jul 17 13:53:20 2026] [::1]:46834 Closing
[Fri Jul 17 13:53:20 2026] [::1]:46848 Closing
[Fri Jul 17 13:53:22 2026] [::1]:46850 Accepted
[Fri Jul 17 13:53:22 2026] [::1]:46850 [200]: GET /superadmin/create.php
[Fri Jul 17 13:53:22 2026] [::1]:46850 Closing
[Fri Jul 17 13:53:22 2026] [::1]:46854 Accepted
[Fri Jul 17 13:53:22 2026] [::1]:46854 [200]: GET /assets/css/style.css
[Fri Jul 17 13:53:22 2026] [::1]:46854 Closing
[Fri Jul 17 13:53:22 2026] [::1]:46858 Accepted
[Fri Jul 17 13:53:22 2026] [::1]:46858 [200]: GET /assets/js/main.js
[Fri Jul 17 13:53:22 2026] [::1]:46858 Closing
[Fri Jul 17 13:53:23 2026] [::1]:46872 Accepted
[Fri Jul 17 13:53:24 2026] [::1]:46872 [200]: POST /superadmin/create.php
[Fri Jul 17 13:53:24 2026] [::1]:46872 Closing
[Fri Jul 17 13:53:24 2026] [::1]:46882 Accepted
[Fri Jul 17 13:53:24 2026] [::1]:46882 [200]: GET /assets/css/style.css
[Fri Jul 17 13:53:24 2026] [::1]:46882 Closing
[Fri Jul 17 13:53:24 2026] [::1]:46886 Accepted
[Fri Jul 17 13:53:24 2026] [::1]:46886 [200]: GET /assets/js/main.js
[Fri Jul 17 13:53:24 2026] [::1]:46886 Closing
[Fri Jul 17 13:53:25 2026] [::1]:46896 Accepted
[Fri Jul 17 13:53:25 2026] [::1]:46896 [200]: GET /superadmin/wallet.php
[Fri Jul 17 13:53:25 2026] [::1]:46896 Closing
[Fri Jul 17 13:53:25 2026] [::1]:46902 Accepted
[Fri Jul 17 13:53:25 2026] [::1]:46902 [200]: GET /assets/css/style.css
[Fri Jul 17 13:53:25 2026] [::1]:46902 Closing
[Fri Jul 17 13:53:25 2026] [::1]:46906 Accepted
[Fri Jul 17 13:53:25 2026] [::1]:46906 [200]: GET /assets/js/main.js
[Fri Jul 17 13:53:25 2026] [::1]:46906 Closing
[Fri Jul 17 13:53:28 2026] [::1]:47528 Accepted
[Fri Jul 17 13:53:28 2026] [::1]:47528 [200]: POST /superadmin/wallet.php
[Fri Jul 17 13:53:28 2026] [::1]:47528 Closing
[Fri Jul 17 13:53:28 2026] [::1]:47538 Accepted
[Fri Jul 17 13:53:28 2026] [::1]:47542 Accepted
[Fri Jul 17 13:53:28 2026] [::1]:47538 [200]: GET /assets/css/style.css
[Fri Jul 17 13:53:28 2026] [::1]:47542 [200]: GET /assets/js/main.js
[Fri Jul 17 13:53:28 2026] [::1]:47538 Closing
[Fri Jul 17 13:53:28 2026] [::1]:47542 Closing
[Fri Jul 17 13:53:30 2026] [::1]:47548 Accepted
[Fri Jul 17 13:53:30 2026] [::1]:47548 [302]: GET /logout.php
[Fri Jul 17 13:53:30 2026] [::1]:47548 Closing
[Fri Jul 17 13:53:30 2026] [::1]:47550 Accepted
[Fri Jul 17 13:53:30 2026] [::1]:47550 [200]: GET /login.php
[Fri Jul 17 13:53:30 2026] [::1]:47550 Closing
[Fri Jul 17 13:53:30 2026] [::1]:47560 Accepted
[Fri Jul 17 13:53:30 2026] [::1]:47560 [200]: GET /assets/css/style.css
[Fri Jul 17 13:53:30 2026] [::1]:47560 Closing
[Fri Jul 17 13:53:30 2026] [::1]:47572 Accepted
[Fri Jul 17 13:53:30 2026] [::1]:47572 [200]: GET /assets/js/main.js
[Fri Jul 17 13:53:30 2026] [::1]:47572 Closing
[Fri Jul 17 13:53:32 2026] [::1]:47584 Accepted
[Fri Jul 17 13:53:32 2026] [::1]:47584 [302]: POST /login.php
[Fri Jul 17 13:53:32 2026] [::1]:47584 Closing
[Fri Jul 17 13:53:32 2026] [::1]:47590 Accepted
[Fri Jul 17 13:53:32 2026] [::1]:47590 [200]: GET /admin/
[Fri Jul 17 13:53:32 2026] [::1]:47590 Closing
[Fri Jul 17 13:53:32 2026] [::1]:47602 Accepted
[Fri Jul 17 13:53:32 2026] [::1]:47616 Accepted
[Fri Jul 17 13:53:32 2026] [::1]:47602 [200]: GET /assets/css/style.css
[Fri Jul 17 13:53:32 2026] [::1]:47616 [200]: GET /assets/js/main.js
[Fri Jul 17 13:53:32 2026] [::1]:47602 Closing
[Fri Jul 17 13:53:32 2026] [::1]:47616 Closing
[Fri Jul 17 13:53:33 2026] [::1]:47622 Accepted
[Fri Jul 17 13:53:33 2026] PHP Warning:  Trying to access array offset on false in /app/includes/components.php on line 120
[Fri Jul 17 13:53:33 2026] PHP Deprecated:  number_format(): Passing null to parameter #1 ($num) of type float is deprecated in /app/includes/components.php on line 120
[Fri Jul 17 13:53:33 2026] PHP Warning:  Trying to access array offset on false in /app/includes/components.php on line 126
[Fri Jul 17 13:53:33 2026] PHP Deprecated:  number_format(): Passing null to parameter #1 ($num) of type float is deprecated in /app/includes/components.php on line 126
[Fri Jul 17 13:53:33 2026] PHP Warning:  Trying to access array offset on false in /app/includes/components.php on line 132
[Fri Jul 17 13:53:33 2026] PHP Deprecated:  number_format(): Passing null to parameter #1 ($num) of type float is deprecated in /app/includes/components.php on line 132
[Fri Jul 17 13:53:33 2026] [::1]:47622 [200]: GET /admin/wallet.php
[Fri Jul 17 13:53:33 2026] [::1]:47622 Closing
[Fri Jul 17 13:53:33 2026] [::1]:47638 Accepted
[Fri Jul 17 13:53:33 2026] [::1]:47642 Accepted
[Fri Jul 17 13:53:33 2026] [::1]:47638 [200]: GET /assets/css/style.css
[Fri Jul 17 13:53:33 2026] [::1]:47642 [200]: GET /assets/js/main.js
[Fri Jul 17 13:53:33 2026] [::1]:47638 Closing
[Fri Jul 17 13:53:33 2026] [::1]:47642 Closing
[Fri Jul 17 13:53:35 2026] [::1]:47654 Accepted
[Fri Jul 17 13:53:35 2026] [::1]:47654 [200]: GET /admin/create.php
[Fri Jul 17 13:53:35 2026] [::1]:47654 Closing
[Fri Jul 17 13:53:35 2026] [::1]:47670 Accepted
[Fri Jul 17 13:53:35 2026] [::1]:47670 [200]: GET /assets/css/style.css
[Fri Jul 17 13:53:35 2026] [::1]:47670 Closing
[Fri Jul 17 13:53:35 2026] [::1]:47676 Accepted
[Fri Jul 17 13:53:35 2026] [::1]:47676 [200]: GET /assets/js/main.js
[Fri Jul 17 13:53:35 2026] [::1]:47676 Closing
[Fri Jul 17 13:53:37 2026] [::1]:47684 Accepted
[Fri Jul 17 13:53:37 2026] [::1]:47684 [200]: POST /admin/create.php
[Fri Jul 17 13:53:37 2026] [::1]:47684 Closing
[Fri Jul 17 13:53:37 2026] [::1]:47698 Accepted
[Fri Jul 17 13:53:37 2026] [::1]:47706 Accepted
[Fri Jul 17 13:53:37 2026] [::1]:47698 [200]: GET /assets/css/style.css
[Fri Jul 17 13:53:37 2026] [::1]:47698 Closing
[Fri Jul 17 13:53:37 2026] [::1]:47706 [200]: GET /assets/js/main.js
[Fri Jul 17 13:53:37 2026] [::1]:47706 Closing
[Fri Jul 17 13:53:38 2026] [::1]:39474 Accepted
[Fri Jul 17 13:53:38 2026] PHP Warning:  Trying to access array offset on false in /app/includes/components.php on line 120
[Fri Jul 17 13:53:38 2026] PHP Deprecated:  number_format(): Passing null to parameter #1 ($num) of type float is deprecated in /app/includes/components.php on line 120
[Fri Jul 17 13:53:38 2026] PHP Warning:  Trying to access array offset on false in /app/includes/components.php on line 126
[Fri Jul 17 13:53:38 2026] PHP Deprecated:  number_format(): Passing null to parameter #1 ($num) of type float is deprecated in /app/includes/components.php on line 126
[Fri Jul 17 13:53:38 2026] PHP Warning:  Trying to access array offset on false in /app/includes/components.php on line 132
[Fri Jul 17 13:53:38 2026] PHP Deprecated:  number_format(): Passing null to parameter #1 ($num) of type float is deprecated in /app/includes/components.php on line 132
[Fri Jul 17 13:53:38 2026] [::1]:39474 [200]: GET /admin/wallet.php
[Fri Jul 17 13:53:38 2026] [::1]:39474 Closing
[Fri Jul 17 13:53:38 2026] [::1]:39484 Accepted
[Fri Jul 17 13:53:38 2026] [::1]:39494 Accepted
[Fri Jul 17 13:53:38 2026] [::1]:39484 [200]: GET /assets/css/style.css
[Fri Jul 17 13:53:38 2026] [::1]:39484 Closing
[Fri Jul 17 13:53:38 2026] [::1]:39494 [200]: GET /assets/js/main.js
[Fri Jul 17 13:53:38 2026] [::1]:39494 Closing
[Fri Jul 17 13:53:41 2026] [::1]:39496 Accepted
[Fri Jul 17 13:53:41 2026] PHP Warning:  Trying to access array offset on false in /app/includes/components.php on line 120
[Fri Jul 17 13:53:41 2026] PHP Deprecated:  number_format(): Passing null to parameter #1 ($num) of type float is deprecated in /app/includes/components.php on line 120
[Fri Jul 17 13:53:41 2026] PHP Warning:  Trying to access array offset on false in /app/includes/components.php on line 126
[Fri Jul 17 13:53:41 2026] PHP Deprecated:  number_format(): Passing null to parameter #1 ($num) of type float is deprecated in /app/includes/components.php on line 126
[Fri Jul 17 13:53:41 2026] PHP Warning:  Trying to access array offset on false in /app/includes/components.php on line 132
[Fri Jul 17 13:53:41 2026] PHP Deprecated:  number_format(): Passing null to parameter #1 ($num) of type float is deprecated in /app/includes/components.php on line 132
[Fri Jul 17 13:53:41 2026] [::1]:39496 [200]: POST /admin/wallet.php
[Fri Jul 17 13:53:41 2026] [::1]:39496 Closing
[Fri Jul 17 13:53:41 2026] [::1]:39510 Accepted
[Fri Jul 17 13:53:41 2026] [::1]:39516 Accepted
[Fri Jul 17 13:53:41 2026] [::1]:39510 [200]: GET /assets/css/style.css
[Fri Jul 17 13:53:41 2026] [::1]:39516 [200]: GET /assets/js/main.js
[Fri Jul 17 13:53:41 2026] [::1]:39510 Closing
[Fri Jul 17 13:53:41 2026] [::1]:39516 Closing
[Fri Jul 17 13:53:42 2026] [::1]:39526 Accepted
[Fri Jul 17 13:53:42 2026] [::1]:39526 [302]: GET /logout.php
[Fri Jul 17 13:53:42 2026] [::1]:39526 Closing
[Fri Jul 17 13:53:42 2026] [::1]:39540 Accepted
[Fri Jul 17 13:53:42 2026] [::1]:39540 [200]: GET /login.php
[Fri Jul 17 13:53:42 2026] [::1]:39540 Closing
[Fri Jul 17 13:53:43 2026] [::1]:39552 Accepted
[Fri Jul 17 13:53:43 2026] [::1]:39554 Accepted
[Fri Jul 17 13:53:43 2026] [::1]:39552 [200]: GET /assets/css/style.css
[Fri Jul 17 13:53:43 2026] [::1]:39554 [200]: GET /assets/js/main.js
[Fri Jul 17 13:53:43 2026] [::1]:39552 Closing
[Fri Jul 17 13:53:43 2026] [::1]:39554 Closing
[Fri Jul 17 13:53:45 2026] [::1]:39560 Accepted
[Fri Jul 17 13:53:45 2026] [::1]:39560 [302]: POST /login.php
[Fri Jul 17 13:53:45 2026] [::1]:39560 Closing
[Fri Jul 17 13:53:45 2026] [::1]:39570 Accepted
[Fri Jul 17 13:53:45 2026] [::1]:39570 [200]: GET /manager/
[Fri Jul 17 13:53:45 2026] [::1]:39570 Closing
[Fri Jul 17 13:53:45 2026] [::1]:39574 Accepted
[Fri Jul 17 13:53:45 2026] [::1]:39574 [200]: GET /assets/css/style.css
[Fri Jul 17 13:53:45 2026] [::1]:39574 Closing
[Fri Jul 17 13:53:45 2026] [::1]:39578 Accepted
[Fri Jul 17 13:53:45 2026] [::1]:39578 [200]: GET /assets/js/main.js
[Fri Jul 17 13:53:45 2026] [::1]:39578 Closing
[Fri Jul 17 13:53:46 2026] [::1]:39592 Accepted
[Fri Jul 17 13:53:46 2026] [::1]:39592 [200]: GET /manager/create.php
[Fri Jul 17 13:53:46 2026] [::1]:39592 Closing
[Fri Jul 17 13:53:46 2026] [::1]:39604 Accepted
[Fri Jul 17 13:53:46 2026] [::1]:39608 Accepted
[Fri Jul 17 13:53:46 2026] [::1]:39604 [200]: GET /assets/css/style.css
[Fri Jul 17 13:53:46 2026] [::1]:39604 Closing
[Fri Jul 17 13:53:46 2026] [::1]:39608 [200]: GET /assets/js/main.js
[Fri Jul 17 13:53:46 2026] [::1]:39608 Closing
[Fri Jul 17 13:53:48 2026] [::1]:59534 Accepted
[Fri Jul 17 13:53:48 2026] [::1]:59534 [200]: POST /manager/create.php
[Fri Jul 17 13:53:48 2026] [::1]:59534 Closing
[Fri Jul 17 13:53:48 2026] [::1]:59544 Accepted
[Fri Jul 17 13:53:48 2026] [::1]:59560 Accepted
[Fri Jul 17 13:53:48 2026] [::1]:59544 [200]: GET /assets/css/style.css
[Fri Jul 17 13:53:48 2026] [::1]:59544 Closing
[Fri Jul 17 13:53:48 2026] [::1]:59560 [200]: GET /assets/js/main.js
[Fri Jul 17 13:53:48 2026] [::1]:59560 Closing
[Fri Jul 17 13:53:50 2026] [::1]:59564 Accepted
[Fri Jul 17 13:53:50 2026] PHP Warning:  Trying to access array offset on false in /app/includes/components.php on line 120
[Fri Jul 17 13:53:50 2026] PHP Deprecated:  number_format(): Passing null to parameter #1 ($num) of type float is deprecated in /app/includes/components.php on line 120
[Fri Jul 17 13:53:50 2026] PHP Warning:  Trying to access array offset on false in /app/includes/components.php on line 126
[Fri Jul 17 13:53:50 2026] PHP Deprecated:  number_format(): Passing null to parameter #1 ($num) of type float is deprecated in /app/includes/components.php on line 126
[Fri Jul 17 13:53:50 2026] PHP Warning:  Trying to access array offset on false in /app/includes/components.php on line 132
[Fri Jul 17 13:53:50 2026] PHP Deprecated:  number_format(): Passing null to parameter #1 ($num) of type float is deprecated in /app/includes/components.php on line 132
[Fri Jul 17 13:53:50 2026] [::1]:59564 [200]: GET /manager/wallet.php
[Fri Jul 17 13:53:50 2026] [::1]:59564 Closing
[Fri Jul 17 13:53:50 2026] [::1]:59578 Accepted
[Fri Jul 17 13:53:50 2026] [::1]:59578 [200]: GET /assets/css/style.css
[Fri Jul 17 13:53:50 2026] [::1]:59578 Closing
[Fri Jul 17 13:53:50 2026] [::1]:59592 Accepted
[Fri Jul 17 13:53:50 2026] [::1]:59592 [200]: GET /assets/js/main.js
[Fri Jul 17 13:53:50 2026] [::1]:59592 Closing
[Fri Jul 17 13:53:52 2026] [::1]:59602 Accepted
[Fri Jul 17 13:53:52 2026] PHP Warning:  Trying to access array offset on false in /app/includes/components.php on line 120
[Fri Jul 17 13:53:52 2026] PHP Deprecated:  number_format(): Passing null to parameter #1 ($num) of type float is deprecated in /app/includes/components.php on line 120
[Fri Jul 17 13:53:52 2026] PHP Warning:  Trying to access array offset on false in /app/includes/components.php on line 126
[Fri Jul 17 13:53:52 2026] PHP Deprecated:  number_format(): Passing null to parameter #1 ($num) of type float is deprecated in /app/includes/components.php on line 126
[Fri Jul 17 13:53:52 2026] PHP Warning:  Trying to access array offset on false in /app/includes/components.php on line 132
[Fri Jul 17 13:53:52 2026] PHP Deprecated:  number_format(): Passing null to parameter #1 ($num) of type float is deprecated in /app/includes/components.php on line 132
[Fri Jul 17 13:53:52 2026] [::1]:59602 [200]: POST /manager/wallet.php
[Fri Jul 17 13:53:52 2026] [::1]:59602 Closing
[Fri Jul 17 13:53:52 2026] [::1]:59616 Accepted
[Fri Jul 17 13:53:52 2026] [::1]:59618 Accepted
[Fri Jul 17 13:53:52 2026] [::1]:59616 [200]: GET /assets/css/style.css
[Fri Jul 17 13:53:52 2026] [::1]:59616 Closing
[Fri Jul 17 13:53:52 2026] [::1]:59618 [200]: GET /assets/js/main.js
[Fri Jul 17 13:53:52 2026] [::1]:59618 Closing
[Fri Jul 17 13:53:54 2026] [::1]:59630 Accepted
[Fri Jul 17 13:53:54 2026] [::1]:59630 [302]: GET /logout.php
[Fri Jul 17 13:53:54 2026] [::1]:59630 Closing
[Fri Jul 17 13:53:54 2026] [::1]:59634 Accepted
[Fri Jul 17 13:53:54 2026] [::1]:59634 [200]: GET /login.php
[Fri Jul 17 13:53:54 2026] [::1]:59634 Closing
[Fri Jul 17 13:53:54 2026] [::1]:59650 Accepted
[Fri Jul 17 13:53:54 2026] [::1]:59660 Accepted
[Fri Jul 17 13:53:54 2026] [::1]:59650 [200]: GET /assets/css/style.css
[Fri Jul 17 13:53:54 2026] [::1]:59660 [200]: GET /assets/js/main.js
[Fri Jul 17 13:53:54 2026] [::1]:59650 Closing
[Fri Jul 17 13:53:54 2026] [::1]:59660 Closing
[Fri Jul 17 13:53:56 2026] [::1]:59668 Accepted
[Fri Jul 17 13:53:56 2026] [::1]:59668 [302]: POST /login.php
[Fri Jul 17 13:53:56 2026] [::1]:59668 Closing
[Fri Jul 17 13:53:56 2026] [::1]:59678 Accepted
[Fri Jul 17 13:53:56 2026] [::1]:59678 [200]: GET /superagent/
[Fri Jul 17 13:53:56 2026] [::1]:59678 Closing
[Fri Jul 17 13:53:56 2026] [::1]:59692 Accepted
[Fri Jul 17 13:53:56 2026] [::1]:59700 Accepted
[Fri Jul 17 13:53:56 2026] [::1]:59692 [200]: GET /assets/css/style.css
[Fri Jul 17 13:53:56 2026] [::1]:59700 [200]: GET /assets/js/main.js
[Fri Jul 17 13:53:56 2026] [::1]:59692 Closing
[Fri Jul 17 13:53:56 2026] [::1]:59700 Closing
[Fri Jul 17 13:53:58 2026] [::1]:41290 Accepted
[Fri Jul 17 13:53:58 2026] [::1]:41290 [200]: GET /superagent/create.php
[Fri Jul 17 13:53:58 2026] [::1]:41290 Closing
[Fri Jul 17 13:53:58 2026] [::1]:41298 Accepted
[Fri Jul 17 13:53:58 2026] [::1]:41298 [200]: GET /assets/css/style.css
[Fri Jul 17 13:53:58 2026] [::1]:41298 Closing
[Fri Jul 17 13:53:58 2026] [::1]:41300 Accepted
[Fri Jul 17 13:53:58 2026] [::1]:41300 [200]: GET /assets/js/main.js
[Fri Jul 17 13:53:58 2026] [::1]:41300 Closing
[Fri Jul 17 13:53:59 2026] [::1]:41306 Accepted
[Fri Jul 17 13:53:59 2026] [::1]:41306 [200]: POST /superagent/create.php
[Fri Jul 17 13:53:59 2026] [::1]:41306 Closing
[Fri Jul 17 13:53:59 2026] [::1]:41316 Accepted
[Fri Jul 17 13:53:59 2026] [::1]:41332 Accepted
[Fri Jul 17 13:53:59 2026] [::1]:41316 [200]: GET /assets/css/style.css
[Fri Jul 17 13:53:59 2026] [::1]:41332 [200]: GET /assets/js/main.js
[Fri Jul 17 13:53:59 2026] [::1]:41316 Closing
[Fri Jul 17 13:53:59 2026] [::1]:41332 Closing
[Fri Jul 17 13:54:01 2026] [::1]:41340 Accepted
[Fri Jul 17 13:54:01 2026] PHP Warning:  Trying to access array offset on false in /app/includes/components.php on line 120
[Fri Jul 17 13:54:01 2026] PHP Deprecated:  number_format(): Passing null to parameter #1 ($num) of type float is deprecated in /app/includes/components.php on line 120
[Fri Jul 17 13:54:01 2026] PHP Warning:  Trying to access array offset on false in /app/includes/components.php on line 126
[Fri Jul 17 13:54:01 2026] PHP Deprecated:  number_format(): Passing null to parameter #1 ($num) of type float is deprecated in /app/includes/components.php on line 126
[Fri Jul 17 13:54:01 2026] PHP Warning:  Trying to access array offset on false in /app/includes/components.php on line 132
[Fri Jul 17 13:54:01 2026] PHP Deprecated:  number_format(): Passing null to parameter #1 ($num) of type float is deprecated in /app/includes/components.php on line 132
[Fri Jul 17 13:54:01 2026] [::1]:41340 [200]: GET /superagent/wallet.php
[Fri Jul 17 13:54:01 2026] [::1]:41340 Closing
[Fri Jul 17 13:54:01 2026] [::1]:41348 Accepted
[Fri Jul 17 13:54:01 2026] [::1]:41362 Accepted
[Fri Jul 17 13:54:01 2026] [::1]:41348 [200]: GET /assets/css/style.css
[Fri Jul 17 13:54:01 2026] [::1]:41362 [200]: GET /assets/js/main.js
[Fri Jul 17 13:54:01 2026] [::1]:41348 Closing
[Fri Jul 17 13:54:01 2026] [::1]:41362 Closing
[Fri Jul 17 13:54:03 2026] [::1]:41366 Accepted
[Fri Jul 17 13:54:03 2026] PHP Warning:  Trying to access array offset on false in /app/includes/components.php on line 120
[Fri Jul 17 13:54:03 2026] PHP Deprecated:  number_format(): Passing null to parameter #1 ($num) of type float is deprecated in /app/includes/components.php on line 120
[Fri Jul 17 13:54:03 2026] PHP Warning:  Trying to access array offset on false in /app/includes/components.php on line 126
[Fri Jul 17 13:54:03 2026] PHP Deprecated:  number_format(): Passing null to parameter #1 ($num) of type float is deprecated in /app/includes/components.php on line 126
[Fri Jul 17 13:54:03 2026] PHP Warning:  Trying to access array offset on false in /app/includes/components.php on line 132
[Fri Jul 17 13:54:03 2026] PHP Deprecated:  number_format(): Passing null to parameter #1 ($num) of type float is deprecated in /app/includes/components.php on line 132
[Fri Jul 17 13:54:03 2026] [::1]:41366 [200]: POST /superagent/wallet.php
[Fri Jul 17 13:54:03 2026] [::1]:41366 Closing
[Fri Jul 17 13:54:03 2026] [::1]:41378 Accepted
[Fri Jul 17 13:54:03 2026] [::1]:41378 [200]: GET /assets/css/style.css
[Fri Jul 17 13:54:03 2026] [::1]:41378 Closing
[Fri Jul 17 13:54:03 2026] [::1]:41392 Accepted
[Fri Jul 17 13:54:03 2026] [::1]:41392 [200]: GET /assets/js/main.js
[Fri Jul 17 13:54:03 2026] [::1]:41392 Closing
[Fri Jul 17 13:54:05 2026] [::1]:41408 Accepted
[Fri Jul 17 13:54:05 2026] [::1]:41408 [302]: GET /logout.php
[Fri Jul 17 13:54:05 2026] [::1]:41408 Closing
[Fri Jul 17 13:54:05 2026] [::1]:41424 Accepted
[Fri Jul 17 13:54:05 2026] [::1]:41424 [200]: GET /login.php
[Fri Jul 17 13:54:05 2026] [::1]:41424 Closing
[Fri Jul 17 13:54:05 2026] [::1]:41430 Accepted
[Fri Jul 17 13:54:05 2026] [::1]:41434 Accepted
[Fri Jul 17 13:54:05 2026] [::1]:41430 [200]: GET /assets/css/style.css
[Fri Jul 17 13:54:05 2026] [::1]:41434 [200]: GET /assets/js/main.js
[Fri Jul 17 13:54:05 2026] [::1]:41430 Closing
[Fri Jul 17 13:54:05 2026] [::1]:41434 Closing
[Fri Jul 17 13:54:07 2026] [::1]:38514 Accepted
[Fri Jul 17 13:54:07 2026] [::1]:38514 [302]: POST /login.php
[Fri Jul 17 13:54:07 2026] [::1]:38514 Closing
[Fri Jul 17 13:54:07 2026] [::1]:38522 Accepted
[Fri Jul 17 13:54:07 2026] [::1]:38522 [200]: GET /agent/
[Fri Jul 17 13:54:07 2026] [::1]:38522 Closing
[Fri Jul 17 13:54:07 2026] [::1]:38532 Accepted
[Fri Jul 17 13:54:07 2026] [::1]:38536 Accepted
[Fri Jul 17 13:54:07 2026] [::1]:38532 [200]: GET /assets/css/style.css
[Fri Jul 17 13:54:07 2026] [::1]:38536 [200]: GET /assets/js/main.js
[Fri Jul 17 13:54:07 2026] [::1]:38532 Closing
[Fri Jul 17 13:54:07 2026] [::1]:38536 Closing
[Fri Jul 17 13:54:09 2026] [::1]:38550 Accepted
[Fri Jul 17 13:54:09 2026] [::1]:38550 [200]: GET /agent/create.php
[Fri Jul 17 13:54:09 2026] [::1]:38550 Closing
[Fri Jul 17 13:54:09 2026] [::1]:38564 Accepted
[Fri Jul 17 13:54:09 2026] [::1]:38572 Accepted
[Fri Jul 17 13:54:09 2026] [::1]:38564 [200]: GET /assets/css/style.css
[Fri Jul 17 13:54:09 2026] [::1]:38564 Closing
[Fri Jul 17 13:54:09 2026] [::1]:38572 [200]: GET /assets/js/main.js
[Fri Jul 17 13:54:09 2026] [::1]:38572 Closing
[Fri Jul 17 13:54:10 2026] [::1]:38574 Accepted
[Fri Jul 17 13:54:11 2026] [::1]:38574 [200]: POST /agent/create.php
[Fri Jul 17 13:54:11 2026] [::1]:38574 Closing
[Fri Jul 17 13:54:11 2026] [::1]:38578 Accepted
[Fri Jul 17 13:54:11 2026] [::1]:38582 Accepted
[Fri Jul 17 13:54:11 2026] [::1]:38578 [200]: GET /assets/css/style.css
[Fri Jul 17 13:54:11 2026] [::1]:38582 [200]: GET /assets/js/main.js
[Fri Jul 17 13:54:11 2026] [::1]:38578 Closing
[Fri Jul 17 13:54:11 2026] [::1]:38582 Closing
[Fri Jul 17 13:54:12 2026] [::1]:38584 Accepted
[Fri Jul 17 13:54:12 2026] PHP Warning:  Trying to access array offset on false in /app/includes/components.php on line 120
[Fri Jul 17 13:54:12 2026] PHP Deprecated:  number_format(): Passing null to parameter #1 ($num) of type float is deprecated in /app/includes/components.php on line 120
[Fri Jul 17 13:54:12 2026] PHP Warning:  Trying to access array offset on false in /app/includes/components.php on line 126
[Fri Jul 17 13:54:12 2026] PHP Deprecated:  number_format(): Passing null to parameter #1 ($num) of type float is deprecated in /app/includes/components.php on line 126
[Fri Jul 17 13:54:12 2026] PHP Warning:  Trying to access array offset on false in /app/includes/components.php on line 132
[Fri Jul 17 13:54:12 2026] PHP Deprecated:  number_format(): Passing null to parameter #1 ($num) of type float is deprecated in /app/includes/components.php on line 132
[Fri Jul 17 13:54:12 2026] [::1]:38584 [200]: GET /agent/wallet.php
[Fri Jul 17 13:54:12 2026] [::1]:38584 Closing
[Fri Jul 17 13:54:12 2026] [::1]:38586 Accepted
[Fri Jul 17 13:54:12 2026] [::1]:38596 Accepted
[Fri Jul 17 13:54:12 2026] [::1]:38586 [200]: GET /assets/css/style.css
[Fri Jul 17 13:54:12 2026] [::1]:38596 [200]: GET /assets/js/main.js
[Fri Jul 17 13:54:12 2026] [::1]:38586 Closing
[Fri Jul 17 13:54:12 2026] [::1]:38596 Closing
[Fri Jul 17 13:54:15 2026] [::1]:38604 Accepted
[Fri Jul 17 13:54:15 2026] PHP Warning:  Trying to access array offset on false in /app/includes/components.php on line 120
[Fri Jul 17 13:54:15 2026] PHP Deprecated:  number_format(): Passing null to parameter #1 ($num) of type float is deprecated in /app/includes/components.php on line 120
[Fri Jul 17 13:54:15 2026] PHP Warning:  Trying to access array offset on false in /app/includes/components.php on line 126
[Fri Jul 17 13:54:15 2026] PHP Deprecated:  number_format(): Passing null to parameter #1 ($num) of type float is deprecated in /app/includes/components.php on line 126
[Fri Jul 17 13:54:15 2026] PHP Warning:  Trying to access array offset on false in /app/includes/components.php on line 132
[Fri Jul 17 13:54:15 2026] PHP Deprecated:  number_format(): Passing null to parameter #1 ($num) of type float is deprecated in /app/includes/components.php on line 132
[Fri Jul 17 13:54:15 2026] [::1]:38604 [200]: POST /agent/wallet.php
[Fri Jul 17 13:54:15 2026] [::1]:38604 Closing
[Fri Jul 17 13:54:15 2026] [::1]:38618 Accepted
[Fri Jul 17 13:54:15 2026] [::1]:38628 Accepted
[Fri Jul 17 13:54:15 2026] [::1]:38618 [200]: GET /assets/css/style.css
[Fri Jul 17 13:54:15 2026] [::1]:38628 [200]: GET /assets/js/main.js
[Fri Jul 17 13:54:15 2026] [::1]:38618 Closing
[Fri Jul 17 13:54:15 2026] [::1]:38628 Closing
[Fri Jul 17 13:54:16 2026] [::1]:38630 Accepted
[Fri Jul 17 13:54:16 2026] [::1]:38630 [302]: GET /logout.php
[Fri Jul 17 13:54:16 2026] [::1]:38630 Closing
[Fri Jul 17 13:54:16 2026] [::1]:38638 Accepted
[Fri Jul 17 13:54:16 2026] [::1]:38638 [200]: GET /login.php
[Fri Jul 17 13:54:16 2026] [::1]:38638 Closing
[Fri Jul 17 13:54:16 2026] [::1]:38654 Accepted
[Fri Jul 17 13:54:16 2026] [::1]:38668 Accepted
[Fri Jul 17 13:54:16 2026] [::1]:38654 [200]: GET /assets/css/style.css
[Fri Jul 17 13:54:16 2026] [::1]:38668 [200]: GET /assets/js/main.js
[Fri Jul 17 13:54:16 2026] [::1]:38654 Closing
[Fri Jul 17 13:54:16 2026] [::1]:38668 Closing
[Fri Jul 17 13:54:18 2026] [::1]:57870 Accepted
[Fri Jul 17 13:54:19 2026] [::1]:57870 [302]: POST /login.php
[Fri Jul 17 13:54:19 2026] [::1]:57870 Closing
[Fri Jul 17 13:54:19 2026] [::1]:57886 Accepted
[Fri Jul 17 13:54:19 2026] [::1]:57886 [200]: GET /user/
[Fri Jul 17 13:54:19 2026] [::1]:57886 Closing
[Fri Jul 17 13:54:19 2026] [::1]:57898 Accepted
[Fri Jul 17 13:54:19 2026] [::1]:57902 Accepted
[Fri Jul 17 13:54:19 2026] [::1]:57898 [200]: GET /assets/css/style.css
[Fri Jul 17 13:54:19 2026] [::1]:57902 [200]: GET /assets/js/main.js
[Fri Jul 17 13:54:19 2026] [::1]:57898 Closing
[Fri Jul 17 13:54:19 2026] [::1]:57902 Closing
[Fri Jul 17 13:59:02 2026] [::1]:39402 Accepted
[Fri Jul 17 13:59:02 2026] [::1]:39402 [200]: GET /login.php
[Fri Jul 17 13:59:02 2026] [::1]:39402 Closing
[Fri Jul 17 13:59:02 2026] [::1]:39406 Accepted
[Fri Jul 17 13:59:02 2026] [::1]:39418 Accepted
[Fri Jul 17 13:59:02 2026] [::1]:39406 [200]: GET /assets/css/style.css
[Fri Jul 17 13:59:02 2026] [::1]:39418 [200]: GET /assets/js/main.js
[Fri Jul 17 13:59:02 2026] [::1]:39406 Closing
[Fri Jul 17 13:59:02 2026] [::1]:39418 Closing
[Fri Jul 17 13:59:04 2026] [::1]:39432 Accepted
[Fri Jul 17 13:59:04 2026] [::1]:39432 [302]: POST /login.php
[Fri Jul 17 13:59:04 2026] [::1]:39432 Closing
[Fri Jul 17 13:59:04 2026] [::1]:39446 Accepted
[Fri Jul 17 13:59:04 2026] [::1]:39446 [200]: GET /superadmin/
[Fri Jul 17 13:59:05 2026] [::1]:39446 Closing
[Fri Jul 17 13:59:05 2026] [::1]:39460 Accepted
[Fri Jul 17 13:59:05 2026] [::1]:39464 Accepted
[Fri Jul 17 13:59:05 2026] [::1]:39460 [200]: GET /assets/css/style.css
[Fri Jul 17 13:59:05 2026] [::1]:39460 Closing
[Fri Jul 17 13:59:05 2026] [::1]:39464 [200]: GET /assets/js/main.js
[Fri Jul 17 13:59:05 2026] [::1]:39464 Closing
[Fri Jul 17 13:59:06 2026] [::1]:39474 Accepted
[Fri Jul 17 13:59:06 2026] [::1]:39474 [200]: GET /superadmin/wallet.php
[Fri Jul 17 13:59:06 2026] [::1]:39474 Closing
[Fri Jul 17 13:59:06 2026] [::1]:39482 Accepted
[Fri Jul 17 13:59:06 2026] [::1]:39486 Accepted
[Fri Jul 17 13:59:06 2026] [::1]:39482 [200]: GET /assets/css/style.css
[Fri Jul 17 13:59:06 2026] [::1]:39486 [200]: GET /assets/js/main.js
[Fri Jul 17 13:59:06 2026] [::1]:39482 Closing
[Fri Jul 17 13:59:06 2026] [::1]:39486 Closing
[Fri Jul 17 13:59:08 2026] [::1]:40116 Accepted
[Fri Jul 17 13:59:08 2026] [::1]:40116 [200]: POST /superadmin/wallet.php
[Fri Jul 17 13:59:08 2026] [::1]:40116 Closing
[Fri Jul 17 13:59:08 2026] [::1]:40132 Accepted
[Fri Jul 17 13:59:08 2026] [::1]:40132 [200]: GET /assets/css/style.css
[Fri Jul 17 13:59:08 2026] [::1]:40132 Closing
[Fri Jul 17 13:59:08 2026] [::1]:40142 Accepted
[Fri Jul 17 13:59:08 2026] [::1]:40142 [200]: GET /assets/js/main.js
[Fri Jul 17 13:59:08 2026] [::1]:40142 Closing
[Fri Jul 17 13:59:09 2026] [::1]:40152 Accepted
[Fri Jul 17 13:59:09 2026] [::1]:40152 [200]: GET /superadmin/create.php
[Fri Jul 17 13:59:09 2026] [::1]:40152 Closing
[Fri Jul 17 13:59:09 2026] [::1]:40158 Accepted
[Fri Jul 17 13:59:09 2026] [::1]:40168 Accepted
[Fri Jul 17 13:59:09 2026] [::1]:40158 [200]: GET /assets/css/style.css
[Fri Jul 17 13:59:09 2026] [::1]:40158 Closing
[Fri Jul 17 13:59:09 2026] [::1]:40168 [200]: GET /assets/js/main.js
[Fri Jul 17 13:59:09 2026] [::1]:40168 Closing
[Fri Jul 17 13:59:11 2026] [::1]:40176 Accepted
[Fri Jul 17 13:59:11 2026] [::1]:40176 [200]: POST /superadmin/create.php
[Fri Jul 17 13:59:11 2026] [::1]:40176 Closing
[Fri Jul 17 13:59:11 2026] [::1]:40178 Accepted
[Fri Jul 17 13:59:11 2026] [::1]:40184 Accepted
[Fri Jul 17 13:59:11 2026] [::1]:40178 [200]: GET /assets/css/style.css
[Fri Jul 17 13:59:11 2026] [::1]:40184 [200]: GET /assets/js/main.js
[Fri Jul 17 13:59:11 2026] [::1]:40178 Closing
[Fri Jul 17 13:59:11 2026] [::1]:40184 Closing
[Fri Jul 17 13:59:13 2026] [::1]:40186 Accepted
[Fri Jul 17 13:59:13 2026] [::1]:40186 [200]: GET /superadmin/wallet.php
[Fri Jul 17 13:59:13 2026] [::1]:40186 Closing
[Fri Jul 17 13:59:13 2026] [::1]:40196 Accepted
[Fri Jul 17 13:59:13 2026] [::1]:40196 [200]: GET /assets/css/style.css
[Fri Jul 17 13:59:13 2026] [::1]:40196 Closing
[Fri Jul 17 13:59:13 2026] [::1]:40200 Accepted
[Fri Jul 17 13:59:13 2026] [::1]:40200 [200]: GET /assets/js/main.js
[Fri Jul 17 13:59:13 2026] [::1]:40200 Closing
[Fri Jul 17 13:59:15 2026] [::1]:40212 Accepted
[Fri Jul 17 13:59:15 2026] [::1]:40212 [200]: POST /superadmin/wallet.php
[Fri Jul 17 13:59:15 2026] [::1]:40212 Closing
[Fri Jul 17 13:59:15 2026] [::1]:40216 Accepted
[Fri Jul 17 13:59:15 2026] [::1]:40216 [200]: GET /assets/css/style.css
[Fri Jul 17 13:59:15 2026] [::1]:40216 Closing
[Fri Jul 17 13:59:15 2026] [::1]:40224 Accepted
[Fri Jul 17 13:59:15 2026] [::1]:40224 [200]: GET /assets/js/main.js
[Fri Jul 17 13:59:15 2026] [::1]:40224 Closing
[Fri Jul 17 13:59:17 2026] [::1]:59426 Accepted
[Fri Jul 17 13:59:17 2026] [::1]:59426 [302]: GET /logout.php
[Fri Jul 17 13:59:17 2026] [::1]:59426 Closing
[Fri Jul 17 13:59:17 2026] [::1]:59430 Accepted
[Fri Jul 17 13:59:17 2026] [::1]:59430 [200]: GET /login.php
[Fri Jul 17 13:59:17 2026] [::1]:59430 Closing
[Fri Jul 17 13:59:17 2026] [::1]:59444 Accepted
[Fri Jul 17 13:59:17 2026] [::1]:59460 Accepted
[Fri Jul 17 13:59:17 2026] [::1]:59444 [200]: GET /assets/css/style.css
[Fri Jul 17 13:59:17 2026] [::1]:59460 [200]: GET /assets/js/main.js
[Fri Jul 17 13:59:17 2026] [::1]:59444 Closing
[Fri Jul 17 13:59:17 2026] [::1]:59460 Closing
[Fri Jul 17 13:59:19 2026] [::1]:59462 Accepted
[Fri Jul 17 13:59:19 2026] [::1]:59462 [302]: POST /login.php
[Fri Jul 17 13:59:19 2026] [::1]:59462 Closing
[Fri Jul 17 13:59:19 2026] [::1]:59478 Accepted
[Fri Jul 17 13:59:19 2026] [::1]:59478 [200]: GET /admin/
[Fri Jul 17 13:59:19 2026] [::1]:59478 Closing
[Fri Jul 17 13:59:19 2026] [::1]:59494 Accepted
[Fri Jul 17 13:59:19 2026] [::1]:59494 [200]: GET /assets/css/style.css
[Fri Jul 17 13:59:19 2026] [::1]:59494 Closing
[Fri Jul 17 13:59:19 2026] [::1]:59498 Accepted
[Fri Jul 17 13:59:19 2026] [::1]:59498 [200]: GET /assets/js/main.js
[Fri Jul 17 13:59:19 2026] [::1]:59498 Closing
[Fri Jul 17 13:59:21 2026] [::1]:59502 Accepted
[Fri Jul 17 13:59:21 2026] PHP Warning:  Trying to access array offset on false in /app/includes/components.php on line 120
[Fri Jul 17 13:59:21 2026] PHP Deprecated:  number_format(): Passing null to parameter #1 ($num) of type float is deprecated in /app/includes/components.php on line 120
[Fri Jul 17 13:59:21 2026] PHP Warning:  Trying to access array offset on false in /app/includes/components.php on line 126
[Fri Jul 17 13:59:21 2026] PHP Deprecated:  number_format(): Passing null to parameter #1 ($num) of type float is deprecated in /app/includes/components.php on line 126
[Fri Jul 17 13:59:21 2026] PHP Warning:  Trying to access array offset on false in /app/includes/components.php on line 132
[Fri Jul 17 13:59:21 2026] PHP Deprecated:  number_format(): Passing null to parameter #1 ($num) of type float is deprecated in /app/includes/components.php on line 132
[Fri Jul 17 13:59:21 2026] [::1]:59502 [200]: GET /admin/wallet.php
[Fri Jul 17 13:59:21 2026] [::1]:59502 Closing
[Fri Jul 17 13:59:21 2026] [::1]:59516 Accepted
[Fri Jul 17 13:59:21 2026] [::1]:59516 [200]: GET /assets/css/style.css
[Fri Jul 17 13:59:21 2026] [::1]:59516 Closing
[Fri Jul 17 13:59:21 2026] [::1]:59526 Accepted
[Fri Jul 17 13:59:21 2026] [::1]:59526 [200]: GET /assets/js/main.js
[Fri Jul 17 13:59:21 2026] [::1]:59526 Closing
[Fri Jul 17 13:59:22 2026] [::1]:59538 Accepted
[Fri Jul 17 13:59:22 2026] [::1]:59538 [200]: GET /admin/create.php
[Fri Jul 17 13:59:22 2026] [::1]:59538 Closing
[Fri Jul 17 13:59:22 2026] [::1]:59550 Accepted
[Fri Jul 17 13:59:22 2026] [::1]:59550 [200]: GET /assets/css/style.css
[Fri Jul 17 13:59:22 2026] [::1]:59550 Closing
[Fri Jul 17 13:59:22 2026] [::1]:59556 Accepted
[Fri Jul 17 13:59:22 2026] [::1]:59556 [200]: GET /assets/js/main.js
[Fri Jul 17 13:59:22 2026] [::1]:59556 Closing
[Fri Jul 17 13:59:24 2026] [::1]:59572 Accepted
[Fri Jul 17 13:59:24 2026] [::1]:59572 [200]: POST /admin/create.php
[Fri Jul 17 13:59:24 2026] [::1]:59572 Closing
[Fri Jul 17 13:59:24 2026] [::1]:59586 Accepted
[Fri Jul 17 13:59:24 2026] [::1]:59598 Accepted
[Fri Jul 17 13:59:24 2026] [::1]:59586 [200]: GET /assets/css/style.css
[Fri Jul 17 13:59:24 2026] [::1]:59598 [200]: GET /assets/js/main.js
[Fri Jul 17 13:59:24 2026] [::1]:59586 Closing
[Fri Jul 17 13:59:24 2026] [::1]:59598 Closing
[Fri Jul 17 13:59:26 2026] [::1]:59606 Accepted
[Fri Jul 17 13:59:26 2026] PHP Warning:  Trying to access array offset on false in /app/includes/components.php on line 120
[Fri Jul 17 13:59:26 2026] PHP Deprecated:  number_format(): Passing null to parameter #1 ($num) of type float is deprecated in /app/includes/components.php on line 120
[Fri Jul 17 13:59:26 2026] PHP Warning:  Trying to access array offset on false in /app/includes/components.php on line 126
[Fri Jul 17 13:59:26 2026] PHP Deprecated:  number_format(): Passing null to parameter #1 ($num) of type float is deprecated in /app/includes/components.php on line 126
[Fri Jul 17 13:59:26 2026] PHP Warning:  Trying to access array offset on false in /app/includes/components.php on line 132
[Fri Jul 17 13:59:26 2026] PHP Deprecated:  number_format(): Passing null to parameter #1 ($num) of type float is deprecated in /app/includes/components.php on line 132
[Fri Jul 17 13:59:26 2026] [::1]:59606 [200]: GET /admin/wallet.php
[Fri Jul 17 13:59:26 2026] [::1]:59606 Closing
[Fri Jul 17 13:59:26 2026] [::1]:59618 Accepted
[Fri Jul 17 13:59:26 2026] [::1]:59632 Accepted
[Fri Jul 17 13:59:26 2026] [::1]:59618 [200]: GET /assets/css/style.css
[Fri Jul 17 13:59:26 2026] [::1]:59632 [200]: GET /assets/js/main.js
[Fri Jul 17 13:59:26 2026] [::1]:59618 Closing
[Fri Jul 17 13:59:26 2026] [::1]:59632 Closing
[Fri Jul 17 13:59:28 2026] [::1]:49312 Accepted
[Fri Jul 17 13:59:28 2026] PHP Warning:  Trying to access array offset on false in /app/includes/components.php on line 120
[Fri Jul 17 13:59:28 2026] PHP Deprecated:  number_format(): Passing null to parameter #1 ($num) of type float is deprecated in /app/includes/components.php on line 120
[Fri Jul 17 13:59:28 2026] PHP Warning:  Trying to access array offset on false in /app/includes/components.php on line 126
[Fri Jul 17 13:59:28 2026] PHP Deprecated:  number_format(): Passing null to parameter #1 ($num) of type float is deprecated in /app/includes/components.php on line 126
[Fri Jul 17 13:59:28 2026] PHP Warning:  Trying to access array offset on false in /app/includes/components.php on line 132
[Fri Jul 17 13:59:28 2026] PHP Deprecated:  number_format(): Passing null to parameter #1 ($num) of type float is deprecated in /app/includes/components.php on line 132
[Fri Jul 17 13:59:28 2026] [::1]:49312 [200]: POST /admin/wallet.php
[Fri Jul 17 13:59:28 2026] [::1]:49312 Closing
[Fri Jul 17 13:59:28 2026] [::1]:49316 Accepted
[Fri Jul 17 13:59:28 2026] [::1]:49322 Accepted
[Fri Jul 17 13:59:28 2026] [::1]:49316 [200]: GET /assets/css/style.css
[Fri Jul 17 13:59:28 2026] [::1]:49322 [200]: GET /assets/js/main.js
[Fri Jul 17 13:59:28 2026] [::1]:49316 Closing
[Fri Jul 17 13:59:28 2026] [::1]:49322 Closing
[Fri Jul 17 13:59:30 2026] [::1]:49332 Accepted
[Fri Jul 17 13:59:30 2026] [::1]:49332 [302]: GET /logout.php
[Fri Jul 17 13:59:30 2026] [::1]:49332 Closing
[Fri Jul 17 13:59:30 2026] [::1]:49340 Accepted
[Fri Jul 17 13:59:30 2026] [::1]:49340 [200]: GET /login.php
[Fri Jul 17 13:59:30 2026] [::1]:49340 Closing
[Fri Jul 17 13:59:30 2026] [::1]:49346 Accepted
[Fri Jul 17 13:59:30 2026] [::1]:49362 Accepted
[Fri Jul 17 13:59:30 2026] [::1]:49346 [200]: GET /assets/css/style.css
[Fri Jul 17 13:59:30 2026] [::1]:49346 Closing
[Fri Jul 17 13:59:30 2026] [::1]:49362 [200]: GET /assets/js/main.js
[Fri Jul 17 13:59:30 2026] [::1]:49362 Closing
[Fri Jul 17 13:59:32 2026] [::1]:49370 Accepted
[Fri Jul 17 13:59:32 2026] [::1]:49370 [302]: POST /login.php
[Fri Jul 17 13:59:32 2026] [::1]:49370 Closing
[Fri Jul 17 13:59:32 2026] [::1]:49386 Accepted
[Fri Jul 17 13:59:32 2026] [::1]:49386 [200]: GET /manager/
[Fri Jul 17 13:59:32 2026] [::1]:49386 Closing
[Fri Jul 17 13:59:32 2026] [::1]:49392 Accepted
[Fri Jul 17 13:59:32 2026] [::1]:49408 Accepted
[Fri Jul 17 13:59:32 2026] [::1]:49392 [200]: GET /assets/css/style.css
[Fri Jul 17 13:59:32 2026] [::1]:49408 [200]: GET /assets/js/main.js
[Fri Jul 17 13:59:32 2026] [::1]:49392 Closing
[Fri Jul 17 13:59:32 2026] [::1]:49408 Closing
[Fri Jul 17 13:59:34 2026] [::1]:49420 Accepted
[Fri Jul 17 13:59:34 2026] [::1]:49420 [200]: GET /manager/create.php
[Fri Jul 17 13:59:34 2026] [::1]:49420 Closing
[Fri Jul 17 13:59:34 2026] [::1]:49428 Accepted
[Fri Jul 17 13:59:34 2026] [::1]:49432 Accepted
[Fri Jul 17 13:59:34 2026] [::1]:49428 [200]: GET /assets/css/style.css
[Fri Jul 17 13:59:34 2026] [::1]:49432 [200]: GET /assets/js/main.js
[Fri Jul 17 13:59:34 2026] [::1]:49428 Closing
[Fri Jul 17 13:59:34 2026] [::1]:49432 Closing
[Fri Jul 17 13:59:35 2026] [::1]:49446 Accepted
[Fri Jul 17 13:59:36 2026] [::1]:49446 [200]: POST /manager/create.php
[Fri Jul 17 13:59:36 2026] [::1]:49446 Closing
[Fri Jul 17 13:59:36 2026] [::1]:49450 Accepted
[Fri Jul 17 13:59:36 2026] [::1]:49452 Accepted
[Fri Jul 17 13:59:36 2026] [::1]:49450 [200]: GET /assets/css/style.css
[Fri Jul 17 13:59:36 2026] [::1]:49452 [200]: GET /assets/js/main.js
[Fri Jul 17 13:59:36 2026] [::1]:49450 Closing
[Fri Jul 17 13:59:36 2026] [::1]:49452 Closing
[Fri Jul 17 13:59:37 2026] [::1]:41058 Accepted
[Fri Jul 17 13:59:37 2026] PHP Warning:  Trying to access array offset on false in /app/includes/components.php on line 120
[Fri Jul 17 13:59:37 2026] PHP Deprecated:  number_format(): Passing null to parameter #1 ($num) of type float is deprecated in /app/includes/components.php on line 120
[Fri Jul 17 13:59:37 2026] PHP Warning:  Trying to access array offset on false in /app/includes/components.php on line 126
[Fri Jul 17 13:59:37 2026] PHP Deprecated:  number_format(): Passing null to parameter #1 ($num) of type float is deprecated in /app/includes/components.php on line 126
[Fri Jul 17 13:59:37 2026] PHP Warning:  Trying to access array offset on false in /app/includes/components.php on line 132
[Fri Jul 17 13:59:37 2026] PHP Deprecated:  number_format(): Passing null to parameter #1 ($num) of type float is deprecated in /app/includes/components.php on line 132
[Fri Jul 17 13:59:37 2026] [::1]:41058 [200]: GET /manager/wallet.php
[Fri Jul 17 13:59:37 2026] [::1]:41058 Closing
[Fri Jul 17 13:59:37 2026] [::1]:41070 Accepted
[Fri Jul 17 13:59:37 2026] [::1]:41070 [200]: GET /assets/css/style.css
[Fri Jul 17 13:59:37 2026] [::1]:41070 Closing
[Fri Jul 17 13:59:37 2026] [::1]:41074 Accepted
[Fri Jul 17 13:59:37 2026] [::1]:41074 [200]: GET /assets/js/main.js
[Fri Jul 17 13:59:37 2026] [::1]:41074 Closing
[Fri Jul 17 13:59:40 2026] [::1]:41088 Accepted
[Fri Jul 17 13:59:40 2026] PHP Warning:  Trying to access array offset on false in /app/includes/components.php on line 120
[Fri Jul 17 13:59:40 2026] PHP Deprecated:  number_format(): Passing null to parameter #1 ($num) of type float is deprecated in /app/includes/components.php on line 120
[Fri Jul 17 13:59:40 2026] PHP Warning:  Trying to access array offset on false in /app/includes/components.php on line 126
[Fri Jul 17 13:59:40 2026] PHP Deprecated:  number_format(): Passing null to parameter #1 ($num) of type float is deprecated in /app/includes/components.php on line 126
[Fri Jul 17 13:59:40 2026] PHP Warning:  Trying to access array offset on false in /app/includes/components.php on line 132
[Fri Jul 17 13:59:40 2026] PHP Deprecated:  number_format(): Passing null to parameter #1 ($num) of type float is deprecated in /app/includes/components.php on line 132
[Fri Jul 17 13:59:40 2026] [::1]:41088 [200]: POST /manager/wallet.php
[Fri Jul 17 13:59:40 2026] [::1]:41088 Closing
[Fri Jul 17 13:59:40 2026] [::1]:41096 Accepted
[Fri Jul 17 13:59:40 2026] [::1]:41104 Accepted
[Fri Jul 17 13:59:40 2026] [::1]:41096 [200]: GET /assets/css/style.css
[Fri Jul 17 13:59:40 2026] [::1]:41104 [200]: GET /assets/js/main.js
[Fri Jul 17 13:59:40 2026] [::1]:41096 Closing
[Fri Jul 17 13:59:40 2026] [::1]:41104 Closing
[Fri Jul 17 13:59:41 2026] [::1]:41112 Accepted
[Fri Jul 17 13:59:41 2026] [::1]:41112 [302]: GET /logout.php
[Fri Jul 17 13:59:41 2026] [::1]:41112 Closing
[Fri Jul 17 13:59:41 2026] [::1]:41124 Accepted
[Fri Jul 17 13:59:41 2026] [::1]:41124 [200]: GET /login.php
[Fri Jul 17 13:59:41 2026] [::1]:41124 Closing
[Fri Jul 17 13:59:41 2026] [::1]:41140 Accepted
[Fri Jul 17 13:59:41 2026] [::1]:41150 Accepted
[Fri Jul 17 13:59:41 2026] [::1]:41140 [200]: GET /assets/css/style.css
[Fri Jul 17 13:59:41 2026] [::1]:41150 [200]: GET /assets/js/main.js
[Fri Jul 17 13:59:41 2026] [::1]:41140 Closing
[Fri Jul 17 13:59:41 2026] [::1]:41150 Closing
[Fri Jul 17 13:59:43 2026] [::1]:41152 Accepted
[Fri Jul 17 13:59:44 2026] [::1]:41152 [302]: POST /login.php
[Fri Jul 17 13:59:44 2026] [::1]:41152 Closing
[Fri Jul 17 13:59:44 2026] [::1]:41166 Accepted
[Fri Jul 17 13:59:44 2026] [::1]:41166 [200]: GET /superagent/
[Fri Jul 17 13:59:44 2026] [::1]:41166 Closing
[Fri Jul 17 13:59:44 2026] [::1]:41172 Accepted
[Fri Jul 17 13:59:44 2026] [::1]:41176 Accepted
[Fri Jul 17 13:59:44 2026] [::1]:41172 [200]: GET /assets/css/style.css
[Fri Jul 17 13:59:44 2026] [::1]:41172 Closing
[Fri Jul 17 13:59:44 2026] [::1]:41176 [200]: GET /assets/js/main.js
[Fri Jul 17 13:59:44 2026] [::1]:41176 Closing
[Fri Jul 17 13:59:45 2026] [::1]:41186 Accepted
[Fri Jul 17 13:59:45 2026] [::1]:41186 [200]: GET /superagent/create.php
[Fri Jul 17 13:59:45 2026] [::1]:41186 Closing
[Fri Jul 17 13:59:45 2026] [::1]:41202 Accepted
[Fri Jul 17 13:59:45 2026] [::1]:41214 Accepted
[Fri Jul 17 13:59:45 2026] [::1]:41202 [200]: GET /assets/css/style.css
[Fri Jul 17 13:59:45 2026] [::1]:41214 [200]: GET /assets/js/main.js
[Fri Jul 17 13:59:45 2026] [::1]:41202 Closing
[Fri Jul 17 13:59:45 2026] [::1]:41214 Closing
[Fri Jul 17 13:59:47 2026] [::1]:44954 Accepted
[Fri Jul 17 13:59:47 2026] [::1]:44954 [200]: POST /superagent/create.php
[Fri Jul 17 13:59:47 2026] [::1]:44954 Closing
[Fri Jul 17 13:59:47 2026] [::1]:44966 Accepted
[Fri Jul 17 13:59:47 2026] [::1]:44968 Accepted
[Fri Jul 17 13:59:47 2026] [::1]:44966 [200]: GET /assets/css/style.css
[Fri Jul 17 13:59:47 2026] [::1]:44968 [200]: GET /assets/js/main.js
[Fri Jul 17 13:59:47 2026] [::1]:44966 Closing
[Fri Jul 17 13:59:47 2026] [::1]:44968 Closing
[Fri Jul 17 13:59:48 2026] [::1]:44974 Accepted
[Fri Jul 17 13:59:48 2026] PHP Warning:  Trying to access array offset on false in /app/includes/components.php on line 120
[Fri Jul 17 13:59:48 2026] PHP Deprecated:  number_format(): Passing null to parameter #1 ($num) of type float is deprecated in /app/includes/components.php on line 120
[Fri Jul 17 13:59:48 2026] PHP Warning:  Trying to access array offset on false in /app/includes/components.php on line 126
[Fri Jul 17 13:59:48 2026] PHP Deprecated:  number_format(): Passing null to parameter #1 ($num) of type float is deprecated in /app/includes/components.php on line 126
[Fri Jul 17 13:59:48 2026] PHP Warning:  Trying to access array offset on false in /app/includes/components.php on line 132
[Fri Jul 17 13:59:48 2026] PHP Deprecated:  number_format(): Passing null to parameter #1 ($num) of type float is deprecated in /app/includes/components.php on line 132
[Fri Jul 17 13:59:48 2026] [::1]:44974 [200]: GET /superagent/wallet.php
[Fri Jul 17 13:59:48 2026] [::1]:44974 Closing
[Fri Jul 17 13:59:48 2026] [::1]:44986 Accepted
[Fri Jul 17 13:59:48 2026] [::1]:44988 Accepted
[Fri Jul 17 13:59:48 2026] [::1]:44986 [200]: GET /assets/css/style.css
[Fri Jul 17 13:59:48 2026] [::1]:44988 [200]: GET /assets/js/main.js
[Fri Jul 17 13:59:48 2026] [::1]:44986 Closing
[Fri Jul 17 13:59:48 2026] [::1]:44988 Closing
[Fri Jul 17 13:59:51 2026] [::1]:44990 Accepted
[Fri Jul 17 13:59:51 2026] PHP Warning:  Trying to access array offset on false in /app/includes/components.php on line 120
[Fri Jul 17 13:59:51 2026] PHP Deprecated:  number_format(): Passing null to parameter #1 ($num) of type float is deprecated in /app/includes/components.php on line 120
[Fri Jul 17 13:59:51 2026] PHP Warning:  Trying to access array offset on false in /app/includes/components.php on line 126
[Fri Jul 17 13:59:51 2026] PHP Deprecated:  number_format(): Passing null to parameter #1 ($num) of type float is deprecated in /app/includes/components.php on line 126
[Fri Jul 17 13:59:51 2026] PHP Warning:  Trying to access array offset on false in /app/includes/components.php on line 132
[Fri Jul 17 13:59:51 2026] PHP Deprecated:  number_format(): Passing null to parameter #1 ($num) of type float is deprecated in /app/includes/components.php on line 132
[Fri Jul 17 13:59:51 2026] [::1]:44990 [200]: POST /superagent/wallet.php
[Fri Jul 17 13:59:51 2026] [::1]:44990 Closing
[Fri Jul 17 13:59:51 2026] [::1]:44992 Accepted
[Fri Jul 17 13:59:51 2026] [::1]:45008 Accepted
[Fri Jul 17 13:59:51 2026] [::1]:44992 [200]: GET /assets/css/style.css
[Fri Jul 17 13:59:51 2026] [::1]:45008 [200]: GET /assets/js/main.js
[Fri Jul 17 13:59:51 2026] [::1]:44992 Closing
[Fri Jul 17 13:59:51 2026] [::1]:45008 Closing
[Fri Jul 17 13:59:53 2026] [::1]:45020 Accepted
[Fri Jul 17 13:59:53 2026] [::1]:45020 [302]: GET /logout.php
[Fri Jul 17 13:59:53 2026] [::1]:45020 Closing
[Fri Jul 17 13:59:53 2026] [::1]:45032 Accepted
[Fri Jul 17 13:59:53 2026] [::1]:45032 [200]: GET /login.php
[Fri Jul 17 13:59:53 2026] [::1]:45032 Closing
[Fri Jul 17 13:59:53 2026] [::1]:45038 Accepted
[Fri Jul 17 13:59:53 2026] [::1]:45044 Accepted
[Fri Jul 17 13:59:53 2026] [::1]:45038 [200]: GET /assets/css/style.css
[Fri Jul 17 13:59:53 2026] [::1]:45038 Closing
[Fri Jul 17 13:59:53 2026] [::1]:45044 [200]: GET /assets/js/main.js
[Fri Jul 17 13:59:53 2026] [::1]:45044 Closing
[Fri Jul 17 13:59:55 2026] [::1]:45050 Accepted
[Fri Jul 17 13:59:55 2026] [::1]:45050 [302]: POST /login.php
[Fri Jul 17 13:59:55 2026] [::1]:45050 Closing
[Fri Jul 17 13:59:55 2026] [::1]:45064 Accepted
[Fri Jul 17 13:59:55 2026] [::1]:45064 [200]: GET /agent/
[Fri Jul 17 13:59:55 2026] [::1]:45064 Closing
[Fri Jul 17 13:59:55 2026] [::1]:45066 Accepted
[Fri Jul 17 13:59:55 2026] [::1]:45070 Accepted
[Fri Jul 17 13:59:55 2026] [::1]:45066 [200]: GET /assets/css/style.css
[Fri Jul 17 13:59:55 2026] [::1]:45070 [200]: GET /assets/js/main.js
[Fri Jul 17 13:59:55 2026] [::1]:45066 Closing
[Fri Jul 17 13:59:55 2026] [::1]:45070 Closing
[Fri Jul 17 13:59:56 2026] [::1]:45078 Accepted
[Fri Jul 17 13:59:56 2026] [::1]:45078 [200]: GET /agent/create.php
[Fri Jul 17 13:59:56 2026] [::1]:45078 Closing
[Fri Jul 17 13:59:56 2026] [::1]:45092 Accepted
[Fri Jul 17 13:59:56 2026] [::1]:45102 Accepted
[Fri Jul 17 13:59:56 2026] [::1]:45092 [200]: GET /assets/css/style.css
[Fri Jul 17 13:59:56 2026] [::1]:45102 [200]: GET /assets/js/main.js
[Fri Jul 17 13:59:56 2026] [::1]:45092 Closing
[Fri Jul 17 13:59:56 2026] [::1]:45102 Closing
[Fri Jul 17 13:59:58 2026] [::1]:54276 Accepted
[Fri Jul 17 13:59:58 2026] [::1]:54276 [200]: POST /agent/create.php
[Fri Jul 17 13:59:58 2026] [::1]:54276 Closing
[Fri Jul 17 13:59:58 2026] [::1]:54278 Accepted
[Fri Jul 17 13:59:58 2026] [::1]:54290 Accepted
[Fri Jul 17 13:59:58 2026] [::1]:54278 [200]: GET /assets/css/style.css
[Fri Jul 17 13:59:58 2026] [::1]:54290 [200]: GET /assets/js/main.js
[Fri Jul 17 13:59:58 2026] [::1]:54278 Closing
[Fri Jul 17 13:59:58 2026] [::1]:54290 Closing
[Fri Jul 17 14:00:00 2026] [::1]:54292 Accepted
[Fri Jul 17 14:00:00 2026] PHP Warning:  Trying to access array offset on false in /app/includes/components.php on line 120
[Fri Jul 17 14:00:00 2026] PHP Deprecated:  number_format(): Passing null to parameter #1 ($num) of type float is deprecated in /app/includes/components.php on line 120
[Fri Jul 17 14:00:00 2026] PHP Warning:  Trying to access array offset on false in /app/includes/components.php on line 126
[Fri Jul 17 14:00:00 2026] PHP Deprecated:  number_format(): Passing null to parameter #1 ($num) of type float is deprecated in /app/includes/components.php on line 126
[Fri Jul 17 14:00:00 2026] PHP Warning:  Trying to access array offset on false in /app/includes/components.php on line 132
[Fri Jul 17 14:00:00 2026] PHP Deprecated:  number_format(): Passing null to parameter #1 ($num) of type float is deprecated in /app/includes/components.php on line 132
[Fri Jul 17 14:00:00 2026] [::1]:54292 [200]: GET /agent/wallet.php
[Fri Jul 17 14:00:00 2026] [::1]:54292 Closing
[Fri Jul 17 14:00:00 2026] [::1]:54300 Accepted
[Fri Jul 17 14:00:00 2026] [::1]:54300 [200]: GET /assets/css/style.css
[Fri Jul 17 14:00:00 2026] [::1]:54300 Closing
[Fri Jul 17 14:00:00 2026] [::1]:54304 Accepted
[Fri Jul 17 14:00:00 2026] [::1]:54304 [200]: GET /assets/js/main.js
[Fri Jul 17 14:00:00 2026] [::1]:54304 Closing
[Fri Jul 17 14:00:02 2026] [::1]:54312 Accepted
[Fri Jul 17 14:00:02 2026] PHP Warning:  Trying to access array offset on false in /app/includes/components.php on line 120
[Fri Jul 17 14:00:02 2026] PHP Deprecated:  number_format(): Passing null to parameter #1 ($num) of type float is deprecated in /app/includes/components.php on line 120
[Fri Jul 17 14:00:02 2026] PHP Warning:  Trying to access array offset on false in /app/includes/components.php on line 126
[Fri Jul 17 14:00:02 2026] PHP Deprecated:  number_format(): Passing null to parameter #1 ($num) of type float is deprecated in /app/includes/components.php on line 126
[Fri Jul 17 14:00:02 2026] PHP Warning:  Trying to access array offset on false in /app/includes/components.php on line 132
[Fri Jul 17 14:00:02 2026] PHP Deprecated:  number_format(): Passing null to parameter #1 ($num) of type float is deprecated in /app/includes/components.php on line 132
[Fri Jul 17 14:00:02 2026] [::1]:54312 [200]: POST /agent/wallet.php
[Fri Jul 17 14:00:02 2026] [::1]:54312 Closing
[Fri Jul 17 14:00:02 2026] [::1]:54326 Accepted
[Fri Jul 17 14:00:02 2026] [::1]:54326 [200]: GET /assets/css/style.css
[Fri Jul 17 14:00:02 2026] [::1]:54326 Closing
[Fri Jul 17 14:00:02 2026] [::1]:54330 Accepted
[Fri Jul 17 14:00:02 2026] [::1]:54330 [200]: GET /assets/js/main.js
[Fri Jul 17 14:00:02 2026] [::1]:54330 Closing
[Fri Jul 17 14:00:04 2026] [::1]:54346 Accepted
[Fri Jul 17 14:00:04 2026] [::1]:54346 [302]: GET /logout.php
[Fri Jul 17 14:00:04 2026] [::1]:54346 Closing
[Fri Jul 17 14:00:04 2026] [::1]:54348 Accepted
[Fri Jul 17 14:00:04 2026] [::1]:54348 [200]: GET /login.php
[Fri Jul 17 14:00:04 2026] [::1]:54348 Closing
[Fri Jul 17 14:00:04 2026] [::1]:54354 Accepted
[Fri Jul 17 14:00:04 2026] [::1]:54368 Accepted
[Fri Jul 17 14:00:04 2026] [::1]:54354 [200]: GET /assets/css/style.css
[Fri Jul 17 14:00:04 2026] [::1]:54368 [200]: GET /assets/js/main.js
[Fri Jul 17 14:00:04 2026] [::1]:54354 Closing
[Fri Jul 17 14:00:04 2026] [::1]:54368 Closing
[Fri Jul 17 14:00:06 2026] [::1]:54370 Accepted
[Fri Jul 17 14:00:06 2026] [::1]:54370 [302]: POST /login.php
[Fri Jul 17 14:00:06 2026] [::1]:54370 Closing
[Fri Jul 17 14:00:06 2026] [::1]:54386 Accepted
[Fri Jul 17 14:00:06 2026] [::1]:54386 [200]: GET /user/
[Fri Jul 17 14:00:06 2026] [::1]:54386 Closing
[Fri Jul 17 14:00:06 2026] [::1]:54400 Accepted
[Fri Jul 17 14:00:06 2026] [::1]:54402 Accepted
[Fri Jul 17 14:00:06 2026] [::1]:54400 [200]: GET /assets/css/style.css
[Fri Jul 17 14:00:06 2026] [::1]:54402 [200]: GET /assets/js/main.js
[Fri Jul 17 14:00:06 2026] [::1]:54400 Closing
[Fri Jul 17 14:00:06 2026] [::1]:54402 Closing
[Fri Jul 17 14:00:07 2026] [::1]:53122 Accepted
[Fri Jul 17 14:00:07 2026] PHP Warning:  Trying to access array offset on false in /app/includes/components.php on line 120
[Fri Jul 17 14:00:07 2026] PHP Deprecated:  number_format(): Passing null to parameter #1 ($num) of type float is deprecated in /app/includes/components.php on line 120
[Fri Jul 17 14:00:07 2026] PHP Warning:  Trying to access array offset on false in /app/includes/components.php on line 126
[Fri Jul 17 14:00:07 2026] PHP Deprecated:  number_format(): Passing null to parameter #1 ($num) of type float is deprecated in /app/includes/components.php on line 126
[Fri Jul 17 14:00:07 2026] PHP Warning:  Trying to access array offset on false in /app/includes/components.php on line 132
[Fri Jul 17 14:00:07 2026] PHP Deprecated:  number_format(): Passing null to parameter #1 ($num) of type float is deprecated in /app/includes/components.php on line 132
[Fri Jul 17 14:00:07 2026] [::1]:53122 [200]: GET /user/wallet.php
[Fri Jul 17 14:00:07 2026] [::1]:53122 Closing
[Fri Jul 17 14:00:07 2026] [::1]:53124 Accepted
[Fri Jul 17 14:00:07 2026] [::1]:53132 Accepted
[Fri Jul 17 14:00:07 2026] [::1]:53124 [200]: GET /assets/css/style.css
[Fri Jul 17 14:00:07 2026] [::1]:53124 Closing
[Fri Jul 17 14:00:07 2026] [::1]:53132 [200]: GET /assets/js/main.js
[Fri Jul 17 14:00:07 2026] [::1]:53132 Closing
[Fri Jul 17 15:12:40 2026] [::1]:44276 Accepted
[Fri Jul 17 15:12:40 2026] [::1]:44276 [200]: GET /login.php
[Fri Jul 17 15:12:40 2026] [::1]:44276 Closing
[Fri Jul 17 15:12:40 2026] [::1]:44288 Accepted
[Fri Jul 17 15:12:40 2026] [::1]:44298 Accepted
[Fri Jul 17 15:12:40 2026] [::1]:44288 [200]: GET /assets/css/style.css
[Fri Jul 17 15:12:40 2026] [::1]:44298 [200]: GET /assets/js/main.js
[Fri Jul 17 15:12:40 2026] [::1]:44288 Closing
[Fri Jul 17 15:12:40 2026] [::1]:44298 Closing
[Fri Jul 17 15:12:42 2026] [::1]:44314 Accepted
[Fri Jul 17 15:12:42 2026] [::1]:44314 [302]: POST /login.php
[Fri Jul 17 15:12:42 2026] [::1]:44314 Closing
[Fri Jul 17 15:12:42 2026] [::1]:44328 Accepted
[Fri Jul 17 15:12:42 2026] [::1]:44328 [200]: GET /superadmin/
[Fri Jul 17 15:12:42 2026] [::1]:44328 Closing
[Fri Jul 17 15:12:42 2026] [::1]:44334 Accepted
[Fri Jul 17 15:12:42 2026] [::1]:44348 Accepted
[Fri Jul 17 15:12:42 2026] [::1]:44334 [200]: GET /assets/css/style.css
[Fri Jul 17 15:12:42 2026] [::1]:44334 Closing
[Fri Jul 17 15:12:42 2026] [::1]:44348 [200]: GET /assets/js/main.js
[Fri Jul 17 15:12:42 2026] [::1]:44348 Closing
[Fri Jul 17 15:12:44 2026] [::1]:44350 Accepted
[Fri Jul 17 15:12:44 2026] [::1]:44350 [200]: GET /superadmin/wallet.php
[Fri Jul 17 15:12:44 2026] [::1]:44350 Closing
[Fri Jul 17 15:12:44 2026] [::1]:44356 Accepted
[Fri Jul 17 15:12:44 2026] [::1]:44364 Accepted
[Fri Jul 17 15:12:44 2026] [::1]:44356 [200]: GET /assets/css/style.css
[Fri Jul 17 15:12:44 2026] [::1]:44364 [200]: GET /assets/js/main.js
[Fri Jul 17 15:12:44 2026] [::1]:44356 Closing
[Fri Jul 17 15:12:44 2026] [::1]:44364 Closing
[Fri Jul 17 15:12:46 2026] [::1]:44376 Accepted
[Fri Jul 17 15:12:46 2026] [::1]:44376 [200]: POST /superadmin/wallet.php
[Fri Jul 17 15:12:46 2026] [::1]:44376 Closing
[Fri Jul 17 15:12:46 2026] [::1]:44388 Accepted
[Fri Jul 17 15:12:46 2026] [::1]:44394 Accepted
[Fri Jul 17 15:12:46 2026] [::1]:44388 [200]: GET /assets/css/style.css
[Fri Jul 17 15:12:46 2026] [::1]:44394 [200]: GET /assets/js/main.js
[Fri Jul 17 15:12:46 2026] [::1]:44388 Closing
[Fri Jul 17 15:12:46 2026] [::1]:44394 Closing
[Fri Jul 17 15:12:47 2026] [::1]:44408 Accepted
[Fri Jul 17 15:12:47 2026] [::1]:44408 [200]: GET /superadmin/create.php
[Fri Jul 17 15:12:47 2026] [::1]:44408 Closing
[Fri Jul 17 15:12:47 2026] [::1]:44418 Accepted
[Fri Jul 17 15:12:47 2026] [::1]:44424 Accepted
[Fri Jul 17 15:12:47 2026] [::1]:44418 [200]: GET /assets/css/style.css
[Fri Jul 17 15:12:47 2026] [::1]:44424 [200]: GET /assets/js/main.js
[Fri Jul 17 15:12:47 2026] [::1]:44418 Closing
[Fri Jul 17 15:12:47 2026] [::1]:44424 Closing
[Fri Jul 17 15:12:49 2026] [::1]:40144 Accepted
[Fri Jul 17 15:12:49 2026] [::1]:40144 [200]: POST /superadmin/create.php
[Fri Jul 17 15:12:49 2026] [::1]:40144 Closing
[Fri Jul 17 15:12:49 2026] [::1]:40158 Accepted
[Fri Jul 17 15:12:49 2026] [::1]:40162 Accepted
[Fri Jul 17 15:12:49 2026] [::1]:40158 [200]: GET /assets/css/style.css
[Fri Jul 17 15:12:49 2026] [::1]:40162 [200]: GET /assets/js/main.js
[Fri Jul 17 15:12:49 2026] [::1]:40158 Closing
[Fri Jul 17 15:12:49 2026] [::1]:40162 Closing
[Fri Jul 17 15:12:51 2026] [::1]:40178 Accepted
[Fri Jul 17 15:12:51 2026] [::1]:40178 [200]: GET /superadmin/wallet.php
[Fri Jul 17 15:12:51 2026] [::1]:40178 Closing
[Fri Jul 17 15:12:51 2026] [::1]:40194 Accepted
[Fri Jul 17 15:12:51 2026] [::1]:40204 Accepted
[Fri Jul 17 15:12:51 2026] [::1]:40194 [200]: GET /assets/css/style.css
[Fri Jul 17 15:12:51 2026] [::1]:40204 [200]: GET /assets/js/main.js
[Fri Jul 17 15:12:51 2026] [::1]:40194 Closing
[Fri Jul 17 15:12:51 2026] [::1]:40204 Closing
[Fri Jul 17 15:12:53 2026] [::1]:40214 Accepted
[Fri Jul 17 15:12:53 2026] [::1]:40214 [200]: POST /superadmin/wallet.php
[Fri Jul 17 15:12:53 2026] [::1]:40214 Closing
[Fri Jul 17 15:12:53 2026] [::1]:40224 Accepted
[Fri Jul 17 15:12:53 2026] [::1]:40232 Accepted
[Fri Jul 17 15:12:53 2026] [::1]:40224 [200]: GET /assets/css/style.css
[Fri Jul 17 15:12:53 2026] [::1]:40232 [200]: GET /assets/js/main.js
[Fri Jul 17 15:12:53 2026] [::1]:40224 Closing
[Fri Jul 17 15:12:53 2026] [::1]:40232 Closing
[Fri Jul 17 15:12:55 2026] [::1]:40234 Accepted
[Fri Jul 17 15:12:55 2026] [::1]:40234 [302]: GET /logout.php
[Fri Jul 17 15:12:55 2026] [::1]:40234 Closing
[Fri Jul 17 15:12:55 2026] [::1]:40248 Accepted
[Fri Jul 17 15:12:55 2026] [::1]:40248 [200]: GET /login.php
[Fri Jul 17 15:12:55 2026] [::1]:40248 Closing
[Fri Jul 17 15:12:55 2026] [::1]:40252 Accepted
[Fri Jul 17 15:12:55 2026] [::1]:40260 Accepted
[Fri Jul 17 15:12:55 2026] [::1]:40252 [200]: GET /assets/css/style.css
[Fri Jul 17 15:12:55 2026] [::1]:40260 [200]: GET /assets/js/main.js
[Fri Jul 17 15:12:55 2026] [::1]:40252 Closing
[Fri Jul 17 15:12:55 2026] [::1]:40260 Closing
[Fri Jul 17 15:12:57 2026] [::1]:40274 Accepted
[Fri Jul 17 15:12:57 2026] [::1]:40274 [302]: POST /login.php
[Fri Jul 17 15:12:57 2026] [::1]:40274 Closing
[Fri Jul 17 15:12:57 2026] [::1]:40284 Accepted
[Fri Jul 17 15:12:57 2026] [::1]:40284 [200]: GET /admin/
[Fri Jul 17 15:12:57 2026] [::1]:40284 Closing
[Fri Jul 17 15:12:57 2026] [::1]:40286 Accepted
[Fri Jul 17 15:12:57 2026] [::1]:40296 Accepted
[Fri Jul 17 15:12:57 2026] [::1]:40286 [200]: GET /assets/css/style.css
[Fri Jul 17 15:12:57 2026] [::1]:40296 [200]: GET /assets/js/main.js
[Fri Jul 17 15:12:57 2026] [::1]:40286 Closing
[Fri Jul 17 15:12:57 2026] [::1]:40296 Closing
[Fri Jul 17 15:12:59 2026] [::1]:59132 Accepted
[Fri Jul 17 15:12:59 2026] [::1]:59132 [200]: GET /admin/wallet.php
[Fri Jul 17 15:12:59 2026] [::1]:59132 Closing
[Fri Jul 17 15:12:59 2026] [::1]:59144 Accepted
[Fri Jul 17 15:12:59 2026] [::1]:59146 Accepted
[Fri Jul 17 15:12:59 2026] [::1]:59144 [200]: GET /assets/css/style.css
[Fri Jul 17 15:12:59 2026] [::1]:59146 [200]: GET /assets/js/main.js
[Fri Jul 17 15:12:59 2026] [::1]:59144 Closing
[Fri Jul 17 15:12:59 2026] [::1]:59146 Closing
[Fri Jul 17 15:13:00 2026] [::1]:59158 Accepted
[Fri Jul 17 15:13:00 2026] [::1]:59158 [200]: GET /admin/create.php
[Fri Jul 17 15:13:00 2026] [::1]:59158 Closing
[Fri Jul 17 15:13:00 2026] [::1]:59164 Accepted
[Fri Jul 17 15:13:00 2026] [::1]:59180 Accepted
[Fri Jul 17 15:13:00 2026] [::1]:59164 [200]: GET /assets/css/style.css
[Fri Jul 17 15:13:00 2026] [::1]:59180 [200]: GET /assets/js/main.js
[Fri Jul 17 15:13:00 2026] [::1]:59164 Closing
[Fri Jul 17 15:13:00 2026] [::1]:59180 Closing
[Fri Jul 17 15:13:02 2026] [::1]:59196 Accepted
[Fri Jul 17 15:13:02 2026] [::1]:59196 [200]: POST /admin/create.php
[Fri Jul 17 15:13:02 2026] [::1]:59196 Closing
[Fri Jul 17 15:13:02 2026] [::1]:59202 Accepted
[Fri Jul 17 15:13:02 2026] [::1]:59202 [200]: GET /assets/css/style.css
[Fri Jul 17 15:13:02 2026] [::1]:59202 Closing
[Fri Jul 17 15:13:02 2026] [::1]:59206 Accepted
[Fri Jul 17 15:13:02 2026] [::1]:59206 [200]: GET /assets/js/main.js
[Fri Jul 17 15:13:02 2026] [::1]:59206 Closing
[Fri Jul 17 15:13:04 2026] [::1]:59220 Accepted
[Fri Jul 17 15:13:04 2026] [::1]:59220 [200]: GET /admin/wallet.php
[Fri Jul 17 15:13:04 2026] [::1]:59220 Closing
[Fri Jul 17 15:13:04 2026] [::1]:59222 Accepted
[Fri Jul 17 15:13:04 2026] [::1]:59236 Accepted
[Fri Jul 17 15:13:04 2026] [::1]:59222 [200]: GET /assets/css/style.css
[Fri Jul 17 15:13:04 2026] [::1]:59236 [200]: GET /assets/js/main.js
[Fri Jul 17 15:13:04 2026] [::1]:59222 Closing
[Fri Jul 17 15:13:04 2026] [::1]:59236 Closing
[Fri Jul 17 15:13:06 2026] [::1]:59244 Accepted
[Fri Jul 17 15:13:06 2026] [::1]:59244 [200]: POST /admin/wallet.php
[Fri Jul 17 15:13:06 2026] [::1]:59244 Closing
[Fri Jul 17 15:13:06 2026] [::1]:59258 Accepted
[Fri Jul 17 15:13:06 2026] [::1]:59260 Accepted
[Fri Jul 17 15:13:06 2026] [::1]:59258 [200]: GET /assets/css/style.css
[Fri Jul 17 15:13:06 2026] [::1]:59258 Closing
[Fri Jul 17 15:13:06 2026] [::1]:59260 [200]: GET /assets/js/main.js
[Fri Jul 17 15:13:06 2026] [::1]:59260 Closing
[Fri Jul 17 15:13:08 2026] [::1]:55942 Accepted
[Fri Jul 17 15:13:08 2026] [::1]:55942 [302]: GET /logout.php
[Fri Jul 17 15:13:08 2026] [::1]:55942 Closing
[Fri Jul 17 15:13:08 2026] [::1]:55958 Accepted
[Fri Jul 17 15:13:08 2026] [::1]:55958 [200]: GET /login.php
[Fri Jul 17 15:13:08 2026] [::1]:55958 Closing
[Fri Jul 17 15:13:08 2026] [::1]:55966 Accepted
[Fri Jul 17 15:13:08 2026] [::1]:55966 [200]: GET /assets/css/style.css
[Fri Jul 17 15:13:08 2026] [::1]:55966 Closing
[Fri Jul 17 15:13:08 2026] [::1]:55978 Accepted
[Fri Jul 17 15:13:08 2026] [::1]:55978 [200]: GET /assets/js/main.js
[Fri Jul 17 15:13:08 2026] [::1]:55978 Closing
[Fri Jul 17 15:13:10 2026] [::1]:55992 Accepted
[Fri Jul 17 15:13:10 2026] [::1]:55992 [302]: POST /login.php
[Fri Jul 17 15:13:10 2026] [::1]:55992 Closing
[Fri Jul 17 15:13:10 2026] [::1]:55994 Accepted
[Fri Jul 17 15:13:10 2026] [::1]:55994 [200]: GET /manager/
[Fri Jul 17 15:13:10 2026] [::1]:55994 Closing
[Fri Jul 17 15:13:10 2026] [::1]:55996 Accepted
[Fri Jul 17 15:13:10 2026] [::1]:56004 Accepted
[Fri Jul 17 15:13:10 2026] [::1]:55996 [200]: GET /assets/css/style.css
[Fri Jul 17 15:13:10 2026] [::1]:56004 [200]: GET /assets/js/main.js
[Fri Jul 17 15:13:10 2026] [::1]:55996 Closing
[Fri Jul 17 15:13:10 2026] [::1]:56004 Closing
[Fri Jul 17 15:13:12 2026] [::1]:56018 Accepted
[Fri Jul 17 15:13:12 2026] [::1]:56018 [200]: GET /manager/create.php
[Fri Jul 17 15:13:12 2026] [::1]:56018 Closing
[Fri Jul 17 15:13:12 2026] [::1]:56022 Accepted
[Fri Jul 17 15:13:12 2026] [::1]:56026 Accepted
[Fri Jul 17 15:13:12 2026] [::1]:56022 [200]: GET /assets/css/style.css
[Fri Jul 17 15:13:12 2026] [::1]:56026 [200]: GET /assets/js/main.js
[Fri Jul 17 15:13:12 2026] [::1]:56022 Closing
[Fri Jul 17 15:13:12 2026] [::1]:56026 Closing
[Fri Jul 17 15:13:13 2026] [::1]:56040 Accepted
[Fri Jul 17 15:13:14 2026] [::1]:56040 [200]: POST /manager/create.php
[Fri Jul 17 15:13:14 2026] [::1]:56040 Closing
[Fri Jul 17 15:13:14 2026] [::1]:56056 Accepted
[Fri Jul 17 15:13:14 2026] [::1]:56068 Accepted
[Fri Jul 17 15:13:14 2026] [::1]:56056 [200]: GET /assets/css/style.css
[Fri Jul 17 15:13:14 2026] [::1]:56068 [200]: GET /assets/js/main.js
[Fri Jul 17 15:13:14 2026] [::1]:56056 Closing
[Fri Jul 17 15:13:14 2026] [::1]:56068 Closing
[Fri Jul 17 15:13:15 2026] [::1]:56082 Accepted
[Fri Jul 17 15:13:15 2026] [::1]:56082 [200]: GET /manager/wallet.php
[Fri Jul 17 15:13:15 2026] [::1]:56082 Closing
[Fri Jul 17 15:13:15 2026] [::1]:56092 Accepted
[Fri Jul 17 15:13:15 2026] [::1]:56100 Accepted
[Fri Jul 17 15:13:15 2026] [::1]:56092 [200]: GET /assets/css/style.css
[Fri Jul 17 15:13:15 2026] [::1]:56100 [200]: GET /assets/js/main.js
[Fri Jul 17 15:13:15 2026] [::1]:56092 Closing
[Fri Jul 17 15:13:15 2026] [::1]:56100 Closing
[Fri Jul 17 15:13:18 2026] [::1]:51438 Accepted
[Fri Jul 17 15:13:18 2026] [::1]:51438 [200]: POST /manager/wallet.php
[Fri Jul 17 15:13:18 2026] [::1]:51438 Closing
[Fri Jul 17 15:13:18 2026] [::1]:51450 Accepted
[Fri Jul 17 15:13:18 2026] [::1]:51458 Accepted
[Fri Jul 17 15:13:18 2026] [::1]:51450 [200]: GET /assets/css/style.css
[Fri Jul 17 15:13:18 2026] [::1]:51458 [200]: GET /assets/js/main.js
[Fri Jul 17 15:13:18 2026] [::1]:51450 Closing
[Fri Jul 17 15:13:18 2026] [::1]:51458 Closing
[Fri Jul 17 15:13:19 2026] [::1]:51468 Accepted
[Fri Jul 17 15:13:19 2026] [::1]:51468 [302]: GET /logout.php
[Fri Jul 17 15:13:19 2026] [::1]:51468 Closing
[Fri Jul 17 15:13:19 2026] [::1]:51480 Accepted
[Fri Jul 17 15:13:19 2026] [::1]:51480 [200]: GET /login.php
[Fri Jul 17 15:13:19 2026] [::1]:51480 Closing
[Fri Jul 17 15:13:19 2026] [::1]:51496 Accepted
[Fri Jul 17 15:13:19 2026] [::1]:51496 [200]: GET /assets/css/style.css
[Fri Jul 17 15:13:19 2026] [::1]:51496 Closing
[Fri Jul 17 15:13:19 2026] [::1]:51500 Accepted
[Fri Jul 17 15:13:19 2026] [::1]:51500 [200]: GET /assets/js/main.js
[Fri Jul 17 15:13:19 2026] [::1]:51500 Closing
[Fri Jul 17 15:13:22 2026] [::1]:51508 Accepted
[Fri Jul 17 15:13:22 2026] [::1]:51508 [302]: POST /login.php
[Fri Jul 17 15:13:22 2026] [::1]:51508 Closing
[Fri Jul 17 15:13:22 2026] [::1]:51524 Accepted
[Fri Jul 17 15:13:22 2026] [::1]:51524 [200]: GET /superagent/
[Fri Jul 17 15:13:22 2026] [::1]:51524 Closing
[Fri Jul 17 15:13:22 2026] [::1]:51530 Accepted
[Fri Jul 17 15:13:22 2026] [::1]:51530 [200]: GET /assets/css/style.css
[Fri Jul 17 15:13:22 2026] [::1]:51530 Closing
[Fri Jul 17 15:13:22 2026] [::1]:51532 Accepted
[Fri Jul 17 15:13:22 2026] [::1]:51532 [200]: GET /assets/js/main.js
[Fri Jul 17 15:13:22 2026] [::1]:51532 Closing
[Fri Jul 17 15:13:23 2026] [::1]:51540 Accepted
[Fri Jul 17 15:13:23 2026] [::1]:51540 [200]: GET /superagent/create.php
[Fri Jul 17 15:13:23 2026] [::1]:51540 Closing
[Fri Jul 17 15:13:23 2026] [::1]:51548 Accepted
[Fri Jul 17 15:13:23 2026] [::1]:51560 Accepted
[Fri Jul 17 15:13:23 2026] [::1]:51548 [200]: GET /assets/css/style.css
[Fri Jul 17 15:13:23 2026] [::1]:51548 Closing
[Fri Jul 17 15:13:23 2026] [::1]:51560 [200]: GET /assets/js/main.js
[Fri Jul 17 15:13:23 2026] [::1]:51560 Closing
[Fri Jul 17 15:13:25 2026] [::1]:51576 Accepted
[Fri Jul 17 15:13:25 2026] [::1]:51576 [200]: POST /superagent/create.php
[Fri Jul 17 15:13:25 2026] [::1]:51576 Closing
[Fri Jul 17 15:13:25 2026] [::1]:51592 Accepted
[Fri Jul 17 15:13:25 2026] [::1]:51596 Accepted
[Fri Jul 17 15:13:25 2026] [::1]:51592 [200]: GET /assets/css/style.css
[Fri Jul 17 15:13:25 2026] [::1]:51592 Closing
[Fri Jul 17 15:13:25 2026] [::1]:51596 [200]: GET /assets/js/main.js
[Fri Jul 17 15:13:25 2026] [::1]:51596 Closing
[Fri Jul 17 15:13:26 2026] [::1]:51598 Accepted
[Fri Jul 17 15:13:26 2026] [::1]:51598 [200]: GET /superagent/wallet.php
[Fri Jul 17 15:13:26 2026] [::1]:51598 Closing
[Fri Jul 17 15:13:26 2026] [::1]:51602 Accepted
[Fri Jul 17 15:13:26 2026] [::1]:51612 Accepted
[Fri Jul 17 15:13:26 2026] [::1]:51602 [200]: GET /assets/css/style.css
[Fri Jul 17 15:13:26 2026] [::1]:51612 [200]: GET /assets/js/main.js
[Fri Jul 17 15:13:26 2026] [::1]:51602 Closing
[Fri Jul 17 15:13:26 2026] [::1]:51612 Closing
[Fri Jul 17 15:13:29 2026] [::1]:51634 Accepted
[Fri Jul 17 15:13:29 2026] [::1]:51634 [200]: POST /superagent/wallet.php
[Fri Jul 17 15:13:29 2026] [::1]:51634 Closing
[Fri Jul 17 15:13:29 2026] [::1]:51650 Accepted
[Fri Jul 17 15:13:29 2026] [::1]:51650 [200]: GET /assets/css/style.css
[Fri Jul 17 15:13:29 2026] [::1]:51650 Closing
[Fri Jul 17 15:13:29 2026] [::1]:51662 Accepted
[Fri Jul 17 15:13:29 2026] [::1]:51662 [200]: GET /assets/js/main.js
[Fri Jul 17 15:13:29 2026] [::1]:51662 Closing
[Fri Jul 17 15:13:31 2026] [::1]:51672 Accepted
[Fri Jul 17 15:13:31 2026] [::1]:51672 [302]: GET /logout.php
[Fri Jul 17 15:13:31 2026] [::1]:51672 Closing
[Fri Jul 17 15:13:31 2026] [::1]:51678 Accepted
[Fri Jul 17 15:13:31 2026] [::1]:51678 [200]: GET /login.php
[Fri Jul 17 15:13:31 2026] [::1]:51678 Closing
[Fri Jul 17 15:13:31 2026] [::1]:51690 Accepted
[Fri Jul 17 15:13:31 2026] [::1]:51706 Accepted
[Fri Jul 17 15:13:31 2026] [::1]:51690 [200]: GET /assets/css/style.css
[Fri Jul 17 15:13:31 2026] [::1]:51706 [200]: GET /assets/js/main.js
[Fri Jul 17 15:13:31 2026] [::1]:51690 Closing
[Fri Jul 17 15:13:31 2026] [::1]:51706 Closing
[Fri Jul 17 15:13:33 2026] [::1]:51720 Accepted
[Fri Jul 17 15:13:33 2026] [::1]:51720 [302]: POST /login.php
[Fri Jul 17 15:13:33 2026] [::1]:51720 Closing
[Fri Jul 17 15:13:33 2026] [::1]:51726 Accepted
[Fri Jul 17 15:13:33 2026] [::1]:51726 [200]: GET /agent/
[Fri Jul 17 15:13:33 2026] [::1]:51726 Closing
[Fri Jul 17 15:13:33 2026] [::1]:51732 Accepted
[Fri Jul 17 15:13:33 2026] [::1]:51736 Accepted
[Fri Jul 17 15:13:33 2026] [::1]:51732 [200]: GET /assets/css/style.css
[Fri Jul 17 15:13:33 2026] [::1]:51736 [200]: GET /assets/js/main.js
[Fri Jul 17 15:13:33 2026] [::1]:51732 Closing
[Fri Jul 17 15:13:33 2026] [::1]:51736 Closing
[Fri Jul 17 15:13:35 2026] [::1]:51752 Accepted
[Fri Jul 17 15:13:35 2026] [::1]:51752 [200]: GET /agent/create.php
[Fri Jul 17 15:13:35 2026] [::1]:51752 Closing
[Fri Jul 17 15:13:35 2026] [::1]:51768 Accepted
[Fri Jul 17 15:13:35 2026] [::1]:51776 Accepted
[Fri Jul 17 15:13:35 2026] [::1]:51768 [200]: GET /assets/css/style.css
[Fri Jul 17 15:13:35 2026] [::1]:51768 Closing
[Fri Jul 17 15:13:35 2026] [::1]:51776 [200]: GET /assets/js/main.js
[Fri Jul 17 15:13:35 2026] [::1]:51776 Closing
[Fri Jul 17 15:13:36 2026] [::1]:51790 Accepted
[Fri Jul 17 15:13:36 2026] [::1]:51790 [200]: POST /agent/create.php
[Fri Jul 17 15:13:36 2026] [::1]:51790 Closing
[Fri Jul 17 15:13:36 2026] [::1]:51800 Accepted
[Fri Jul 17 15:13:36 2026] [::1]:51806 Accepted
[Fri Jul 17 15:13:36 2026] [::1]:51800 [200]: GET /assets/css/style.css
[Fri Jul 17 15:13:36 2026] [::1]:51800 Closing
[Fri Jul 17 15:13:36 2026] [::1]:51806 [200]: GET /assets/js/main.js
[Fri Jul 17 15:13:36 2026] [::1]:51806 Closing
[Fri Jul 17 15:13:38 2026] [::1]:48042 Accepted
[Fri Jul 17 15:13:38 2026] [::1]:48042 [200]: GET /agent/wallet.php
[Fri Jul 17 15:13:38 2026] [::1]:48042 Closing
[Fri Jul 17 15:13:38 2026] [::1]:48056 Accepted
[Fri Jul 17 15:13:38 2026] [::1]:48060 Accepted
[Fri Jul 17 15:13:38 2026] [::1]:48056 [200]: GET /assets/css/style.css
[Fri Jul 17 15:13:38 2026] [::1]:48060 [200]: GET /assets/js/main.js
[Fri Jul 17 15:13:38 2026] [::1]:48056 Closing
[Fri Jul 17 15:13:38 2026] [::1]:48060 Closing
[Fri Jul 17 15:13:41 2026] [::1]:48074 Accepted
[Fri Jul 17 15:13:41 2026] [::1]:48074 [200]: POST /agent/wallet.php
[Fri Jul 17 15:13:41 2026] [::1]:48074 Closing
[Fri Jul 17 15:13:41 2026] [::1]:48080 Accepted
[Fri Jul 17 15:13:41 2026] [::1]:48080 [200]: GET /assets/css/style.css
[Fri Jul 17 15:13:41 2026] [::1]:48080 Closing
[Fri Jul 17 15:13:41 2026] [::1]:48092 Accepted
[Fri Jul 17 15:13:41 2026] [::1]:48092 [200]: GET /assets/js/main.js
[Fri Jul 17 15:13:41 2026] [::1]:48092 Closing
[Fri Jul 17 15:13:42 2026] [::1]:48094 Accepted
[Fri Jul 17 15:13:42 2026] [::1]:48094 [302]: GET /logout.php
[Fri Jul 17 15:13:42 2026] [::1]:48094 Closing
[Fri Jul 17 15:13:42 2026] [::1]:48096 Accepted
[Fri Jul 17 15:13:42 2026] [::1]:48096 [200]: GET /login.php
[Fri Jul 17 15:13:42 2026] [::1]:48096 Closing
[Fri Jul 17 15:13:42 2026] [::1]:48100 Accepted
[Fri Jul 17 15:13:42 2026] [::1]:48114 Accepted
[Fri Jul 17 15:13:42 2026] [::1]:48100 [200]: GET /assets/css/style.css
[Fri Jul 17 15:13:42 2026] [::1]:48100 Closing
[Fri Jul 17 15:13:42 2026] [::1]:48114 [200]: GET /assets/js/main.js
[Fri Jul 17 15:13:42 2026] [::1]:48114 Closing
[Fri Jul 17 15:13:44 2026] [::1]:48126 Accepted
[Fri Jul 17 15:13:44 2026] [::1]:48126 [302]: POST /login.php
[Fri Jul 17 15:13:44 2026] [::1]:48126 Closing
[Fri Jul 17 15:13:44 2026] [::1]:48142 Accepted
[Fri Jul 17 15:13:44 2026] [::1]:48142 [200]: GET /user/
[Fri Jul 17 15:13:44 2026] [::1]:48142 Closing
[Fri Jul 17 15:13:44 2026] [::1]:48144 Accepted
[Fri Jul 17 15:13:44 2026] [::1]:48144 [200]: GET /assets/css/style.css
[Fri Jul 17 15:13:44 2026] [::1]:48144 Closing
[Fri Jul 17 15:13:44 2026] [::1]:48154 Accepted
[Fri Jul 17 15:13:44 2026] [::1]:48154 [200]: GET /assets/js/main.js
[Fri Jul 17 15:13:44 2026] [::1]:48154 Closing
[Fri Jul 17 15:13:45 2026] [::1]:48162 Accepted
[Fri Jul 17 15:13:45 2026] [::1]:48162 [200]: GET /user/wallet.php
[Fri Jul 17 15:13:45 2026] [::1]:48162 Closing
[Fri Jul 17 15:13:45 2026] [::1]:48168 Accepted
[Fri Jul 17 15:13:45 2026] [::1]:48170 Accepted
[Fri Jul 17 15:13:45 2026] [::1]:48168 [200]: GET /assets/css/style.css
[Fri Jul 17 15:13:45 2026] [::1]:48170 [200]: GET /assets/js/main.js
[Fri Jul 17 15:13:45 2026] [::1]:48168 Closing
[Fri Jul 17 15:13:45 2026] [::1]:48170 Closing
[Fri Jul 17 15:42:06 2026] [::1]:54582 Accepted
[Fri Jul 17 15:42:06 2026] [::1]:54582 [200]: GET /login.php
[Fri Jul 17 15:42:06 2026] [::1]:54582 Closing
[Fri Jul 17 15:42:06 2026] [::1]:54586 Accepted
[Fri Jul 17 15:42:06 2026] [::1]:54596 Accepted
[Fri Jul 17 15:42:06 2026] [::1]:54586 [200]: GET /assets/css/style.css
[Fri Jul 17 15:42:06 2026] [::1]:54596 [200]: GET /assets/js/main.js
[Fri Jul 17 15:42:06 2026] [::1]:54586 Closing
[Fri Jul 17 15:42:06 2026] [::1]:54596 Closing
[Fri Jul 17 15:42:08 2026] [::1]:41560 Accepted
[Fri Jul 17 15:42:08 2026] [::1]:41560 [302]: POST /login.php
[Fri Jul 17 15:42:08 2026] [::1]:41560 Closing
[Fri Jul 17 15:42:08 2026] [::1]:41566 Accepted
[Fri Jul 17 15:42:08 2026] [::1]:41566 [200]: GET /superadmin/
[Fri Jul 17 15:42:08 2026] [::1]:41566 Closing
[Fri Jul 17 15:42:08 2026] [::1]:41582 Accepted
[Fri Jul 17 15:42:08 2026] [::1]:41598 Accepted
[Fri Jul 17 15:42:08 2026] [::1]:41582 [200]: GET /assets/css/style.css
[Fri Jul 17 15:42:08 2026] [::1]:41598 [200]: GET /assets/js/main.js
[Fri Jul 17 15:42:08 2026] [::1]:41582 Closing
[Fri Jul 17 15:42:08 2026] [::1]:41598 Closing
[Fri Jul 17 15:42:09 2026] [::1]:41606 Accepted
[Fri Jul 17 15:42:09 2026] [::1]:41606 [200]: GET /superadmin/wallet.php
[Fri Jul 17 15:42:09 2026] [::1]:41606 Closing
[Fri Jul 17 15:42:10 2026] [::1]:41614 Accepted
[Fri Jul 17 15:42:10 2026] [::1]:41616 Accepted
[Fri Jul 17 15:42:10 2026] [::1]:41614 [200]: GET /assets/css/style.css
[Fri Jul 17 15:42:10 2026] [::1]:41616 [200]: GET /assets/js/main.js
[Fri Jul 17 15:42:10 2026] [::1]:41614 Closing
[Fri Jul 17 15:42:10 2026] [::1]:41616 Closing
[Fri Jul 17 15:42:11 2026] [::1]:41618 Accepted
[Fri Jul 17 15:42:11 2026] [::1]:41618 [200]: POST /superadmin/wallet.php
[Fri Jul 17 15:42:11 2026] [::1]:41618 Closing
[Fri Jul 17 15:42:11 2026] [::1]:41632 Accepted
[Fri Jul 17 15:42:11 2026] [::1]:41642 Accepted
[Fri Jul 17 15:42:11 2026] [::1]:41632 [200]: GET /assets/css/style.css
[Fri Jul 17 15:42:11 2026] [::1]:41642 [200]: GET /assets/js/main.js
[Fri Jul 17 15:42:11 2026] [::1]:41632 Closing
[Fri Jul 17 15:42:11 2026] [::1]:41642 Closing
[Fri Jul 17 15:42:13 2026] [::1]:41644 Accepted
[Fri Jul 17 15:42:13 2026] [::1]:41644 [200]: GET /superadmin/create.php
[Fri Jul 17 15:42:13 2026] [::1]:41644 Closing
[Fri Jul 17 15:42:13 2026] [::1]:41650 Accepted
[Fri Jul 17 15:42:13 2026] [::1]:41656 Accepted
[Fri Jul 17 15:42:13 2026] [::1]:41650 [200]: GET /assets/css/style.css
[Fri Jul 17 15:42:13 2026] [::1]:41656 [200]: GET /assets/js/main.js
[Fri Jul 17 15:42:13 2026] [::1]:41650 Closing
[Fri Jul 17 15:42:13 2026] [::1]:41656 Closing
[Fri Jul 17 15:42:14 2026] [::1]:41670 Accepted
[Fri Jul 17 15:42:15 2026] [::1]:41670 [200]: POST /superadmin/create.php
[Fri Jul 17 15:42:15 2026] [::1]:41670 Closing
[Fri Jul 17 15:42:15 2026] [::1]:41672 Accepted
[Fri Jul 17 15:42:15 2026] [::1]:41678 Accepted
[Fri Jul 17 15:42:15 2026] [::1]:41672 [200]: GET /assets/css/style.css
[Fri Jul 17 15:42:15 2026] [::1]:41678 [200]: GET /assets/js/main.js
[Fri Jul 17 15:42:15 2026] [::1]:41672 Closing
[Fri Jul 17 15:42:15 2026] [::1]:41678 Closing
[Fri Jul 17 15:42:16 2026] [::1]:41684 Accepted
[Fri Jul 17 15:42:16 2026] [::1]:41684 [200]: GET /superadmin/wallet.php
[Fri Jul 17 15:42:16 2026] [::1]:41684 Closing
[Fri Jul 17 15:42:16 2026] [::1]:41700 Accepted
[Fri Jul 17 15:42:16 2026] [::1]:41704 Accepted
[Fri Jul 17 15:42:16 2026] [::1]:41700 [200]: GET /assets/css/style.css
[Fri Jul 17 15:42:16 2026] [::1]:41704 [200]: GET /assets/js/main.js
[Fri Jul 17 15:42:16 2026] [::1]:41700 Closing
[Fri Jul 17 15:42:16 2026] [::1]:41704 Closing
[Fri Jul 17 15:42:19 2026] [::1]:44070 Accepted
[Fri Jul 17 15:42:19 2026] [::1]:44070 [200]: POST /superadmin/wallet.php
[Fri Jul 17 15:42:19 2026] [::1]:44070 Closing
[Fri Jul 17 15:42:19 2026] [::1]:44084 Accepted
[Fri Jul 17 15:42:19 2026] [::1]:44096 Accepted
[Fri Jul 17 15:42:19 2026] [::1]:44084 [200]: GET /assets/css/style.css
[Fri Jul 17 15:42:19 2026] [::1]:44084 Closing
[Fri Jul 17 15:42:19 2026] [::1]:44096 [200]: GET /assets/js/main.js
[Fri Jul 17 15:42:19 2026] [::1]:44096 Closing
[Fri Jul 17 15:42:21 2026] [::1]:44106 Accepted
[Fri Jul 17 15:42:21 2026] [::1]:44106 [302]: GET /logout.php
[Fri Jul 17 15:42:21 2026] [::1]:44106 Closing
[Fri Jul 17 15:42:21 2026] [::1]:44108 Accepted
[Fri Jul 17 15:42:21 2026] [::1]:44108 [200]: GET /login.php
[Fri Jul 17 15:42:21 2026] [::1]:44108 Closing
[Fri Jul 17 15:42:21 2026] [::1]:44114 Accepted
[Fri Jul 17 15:42:21 2026] [::1]:44122 Accepted
[Fri Jul 17 15:42:21 2026] [::1]:44114 [200]: GET /assets/css/style.css
[Fri Jul 17 15:42:21 2026] [::1]:44114 Closing
[Fri Jul 17 15:42:21 2026] [::1]:44122 [200]: GET /assets/js/main.js
[Fri Jul 17 15:42:21 2026] [::1]:44122 Closing
[Fri Jul 17 15:42:23 2026] [::1]:44132 Accepted
[Fri Jul 17 15:42:23 2026] [::1]:44132 [302]: POST /login.php
[Fri Jul 17 15:42:23 2026] [::1]:44132 Closing
[Fri Jul 17 15:42:23 2026] [::1]:44140 Accepted
[Fri Jul 17 15:42:23 2026] [::1]:44140 [200]: GET /admin/
[Fri Jul 17 15:42:23 2026] [::1]:44140 Closing
[Fri Jul 17 15:42:23 2026] [::1]:44144 Accepted
[Fri Jul 17 15:42:23 2026] [::1]:44144 [200]: GET /assets/css/style.css
[Fri Jul 17 15:42:23 2026] [::1]:44144 Closing
[Fri Jul 17 15:42:23 2026] [::1]:44148 Accepted
[Fri Jul 17 15:42:23 2026] [::1]:44148 [200]: GET /assets/js/main.js
[Fri Jul 17 15:42:23 2026] [::1]:44148 Closing
[Fri Jul 17 15:42:24 2026] [::1]:44158 Accepted
[Fri Jul 17 15:42:24 2026] [::1]:44158 [200]: GET /admin/wallet.php
[Fri Jul 17 15:42:24 2026] [::1]:44158 Closing
[Fri Jul 17 15:42:24 2026] [::1]:44174 Accepted
[Fri Jul 17 15:42:24 2026] [::1]:44176 Accepted
[Fri Jul 17 15:42:24 2026] [::1]:44174 [200]: GET /assets/css/style.css
[Fri Jul 17 15:42:24 2026] [::1]:44176 [200]: GET /assets/js/main.js
[Fri Jul 17 15:42:24 2026] [::1]:44174 Closing
[Fri Jul 17 15:42:24 2026] [::1]:44176 Closing
[Fri Jul 17 15:42:26 2026] [::1]:44188 Accepted
[Fri Jul 17 15:42:26 2026] [::1]:44188 [200]: GET /admin/create.php
[Fri Jul 17 15:42:26 2026] [::1]:44188 Closing
[Fri Jul 17 15:42:26 2026] [::1]:44194 Accepted
[Fri Jul 17 15:42:26 2026] [::1]:44194 [200]: GET /assets/css/style.css
[Fri Jul 17 15:42:26 2026] [::1]:44194 Closing
[Fri Jul 17 15:42:26 2026] [::1]:44206 Accepted
[Fri Jul 17 15:42:26 2026] [::1]:44206 [200]: GET /assets/js/main.js
[Fri Jul 17 15:42:26 2026] [::1]:44206 Closing
[Fri Jul 17 15:42:28 2026] [::1]:55700 Accepted
[Fri Jul 17 15:42:28 2026] [::1]:55700 [200]: POST /admin/create.php
[Fri Jul 17 15:42:28 2026] [::1]:55700 Closing
[Fri Jul 17 15:42:28 2026] [::1]:55702 Accepted
[Fri Jul 17 15:42:28 2026] [::1]:55712 Accepted
[Fri Jul 17 15:42:28 2026] [::1]:55702 [200]: GET /assets/css/style.css
[Fri Jul 17 15:42:28 2026] [::1]:55712 [200]: GET /assets/js/main.js
[Fri Jul 17 15:42:28 2026] [::1]:55702 Closing
[Fri Jul 17 15:42:28 2026] [::1]:55712 Closing
[Fri Jul 17 15:42:29 2026] [::1]:55716 Accepted
[Fri Jul 17 15:42:29 2026] [::1]:55716 [200]: GET /admin/wallet.php
[Fri Jul 17 15:42:29 2026] [::1]:55716 Closing
[Fri Jul 17 15:42:29 2026] [::1]:55730 Accepted
[Fri Jul 17 15:42:29 2026] [::1]:55740 Accepted
[Fri Jul 17 15:42:29 2026] [::1]:55730 [200]: GET /assets/css/style.css
[Fri Jul 17 15:42:29 2026] [::1]:55740 [200]: GET /assets/js/main.js
[Fri Jul 17 15:42:29 2026] [::1]:55730 Closing
[Fri Jul 17 15:42:29 2026] [::1]:55740 Closing
[Fri Jul 17 15:42:32 2026] [::1]:55744 Accepted
[Fri Jul 17 15:42:32 2026] [::1]:55744 [200]: POST /admin/wallet.php
[Fri Jul 17 15:42:32 2026] [::1]:55744 Closing
[Fri Jul 17 15:42:32 2026] [::1]:55756 Accepted
[Fri Jul 17 15:42:32 2026] [::1]:55764 Accepted
[Fri Jul 17 15:42:32 2026] [::1]:55756 [200]: GET /assets/css/style.css
[Fri Jul 17 15:42:32 2026] [::1]:55764 [200]: GET /assets/js/main.js
[Fri Jul 17 15:42:32 2026] [::1]:55756 Closing
[Fri Jul 17 15:42:32 2026] [::1]:55764 Closing
[Fri Jul 17 15:42:34 2026] [::1]:55772 Accepted
[Fri Jul 17 15:42:34 2026] [::1]:55772 [302]: GET /logout.php
[Fri Jul 17 15:42:34 2026] [::1]:55772 Closing
[Fri Jul 17 15:42:34 2026] [::1]:55782 Accepted
[Fri Jul 17 15:42:34 2026] [::1]:55782 [200]: GET /login.php
[Fri Jul 17 15:42:34 2026] [::1]:55782 Closing
[Fri Jul 17 15:42:34 2026] [::1]:55798 Accepted
[Fri Jul 17 15:42:34 2026] [::1]:55806 Accepted
[Fri Jul 17 15:42:34 2026] [::1]:55798 [200]: GET /assets/css/style.css
[Fri Jul 17 15:42:34 2026] [::1]:55806 [200]: GET /assets/js/main.js
[Fri Jul 17 15:42:34 2026] [::1]:55798 Closing
[Fri Jul 17 15:42:34 2026] [::1]:55806 Closing
[Fri Jul 17 15:42:36 2026] [::1]:55808 Accepted
[Fri Jul 17 15:42:36 2026] [::1]:55808 [302]: POST /login.php
[Fri Jul 17 15:42:36 2026] [::1]:55808 Closing
[Fri Jul 17 15:42:36 2026] [::1]:55812 Accepted
[Fri Jul 17 15:42:36 2026] [::1]:55812 [200]: GET /manager/
[Fri Jul 17 15:42:36 2026] [::1]:55812 Closing
[Fri Jul 17 15:42:36 2026] [::1]:55816 Accepted
[Fri Jul 17 15:42:36 2026] [::1]:55826 Accepted
[Fri Jul 17 15:42:36 2026] [::1]:55816 [200]: GET /assets/css/style.css
[Fri Jul 17 15:42:36 2026] [::1]:55826 [200]: GET /assets/js/main.js
[Fri Jul 17 15:42:36 2026] [::1]:55816 Closing
[Fri Jul 17 15:42:36 2026] [::1]:55826 Closing
[Fri Jul 17 15:42:37 2026] [::1]:55830 Accepted
[Fri Jul 17 15:42:37 2026] [::1]:55830 [200]: GET /manager/create.php
[Fri Jul 17 15:42:37 2026] [::1]:55830 Closing
[Fri Jul 17 15:42:37 2026] [::1]:55840 Accepted
[Fri Jul 17 15:42:37 2026] [::1]:55852 Accepted
[Fri Jul 17 15:42:37 2026] [::1]:55840 [200]: GET /assets/css/style.css
[Fri Jul 17 15:42:37 2026] [::1]:55840 Closing
[Fri Jul 17 15:42:37 2026] [::1]:55852 [200]: GET /assets/js/main.js
[Fri Jul 17 15:42:37 2026] [::1]:55852 Closing
[Fri Jul 17 15:42:39 2026] [::1]:40124 Accepted
[Fri Jul 17 15:42:39 2026] [::1]:40124 [200]: POST /manager/create.php
[Fri Jul 17 15:42:39 2026] [::1]:40124 Closing
[Fri Jul 17 15:42:39 2026] [::1]:40132 Accepted
[Fri Jul 17 15:42:39 2026] [::1]:40144 Accepted
[Fri Jul 17 15:42:39 2026] [::1]:40132 [200]: GET /assets/css/style.css
[Fri Jul 17 15:42:39 2026] [::1]:40132 Closing
[Fri Jul 17 15:42:39 2026] [::1]:40144 [200]: GET /assets/js/main.js
[Fri Jul 17 15:42:39 2026] [::1]:40144 Closing
[Fri Jul 17 15:42:41 2026] [::1]:40148 Accepted
[Fri Jul 17 15:42:41 2026] [::1]:40148 [200]: GET /manager/wallet.php
[Fri Jul 17 15:42:41 2026] [::1]:40148 Closing
[Fri Jul 17 15:42:41 2026] [::1]:40160 Accepted
[Fri Jul 17 15:42:41 2026] [::1]:40168 Accepted
[Fri Jul 17 15:42:41 2026] [::1]:40160 [200]: GET /assets/css/style.css
[Fri Jul 17 15:42:41 2026] [::1]:40168 [200]: GET /assets/js/main.js
[Fri Jul 17 15:42:41 2026] [::1]:40160 Closing
[Fri Jul 17 15:42:41 2026] [::1]:40168 Closing
[Fri Jul 17 15:42:43 2026] [::1]:40184 Accepted
[Fri Jul 17 15:42:43 2026] [::1]:40184 [200]: POST /manager/wallet.php
[Fri Jul 17 15:42:43 2026] [::1]:40184 Closing
[Fri Jul 17 15:42:43 2026] [::1]:40200 Accepted
[Fri Jul 17 15:42:43 2026] [::1]:40204 Accepted
[Fri Jul 17 15:42:43 2026] [::1]:40200 [200]: GET /assets/css/style.css
[Fri Jul 17 15:42:43 2026] [::1]:40204 [200]: GET /assets/js/main.js
[Fri Jul 17 15:42:43 2026] [::1]:40200 Closing
[Fri Jul 17 15:42:43 2026] [::1]:40204 Closing
[Fri Jul 17 15:42:45 2026] [::1]:40212 Accepted
[Fri Jul 17 15:42:45 2026] [::1]:40212 [302]: GET /logout.php
[Fri Jul 17 15:42:45 2026] [::1]:40212 Closing
[Fri Jul 17 15:42:45 2026] [::1]:40216 Accepted
[Fri Jul 17 15:42:45 2026] [::1]:40216 [200]: GET /login.php
[Fri Jul 17 15:42:45 2026] [::1]:40216 Closing
[Fri Jul 17 15:42:45 2026] [::1]:40232 Accepted
[Fri Jul 17 15:42:45 2026] [::1]:40242 Accepted
[Fri Jul 17 15:42:45 2026] [::1]:40232 [200]: GET /assets/css/style.css
[Fri Jul 17 15:42:45 2026] [::1]:40232 Closing
[Fri Jul 17 15:42:45 2026] [::1]:40242 [200]: GET /assets/js/main.js
[Fri Jul 17 15:42:45 2026] [::1]:40242 Closing
[Fri Jul 17 15:42:47 2026] [::1]:40252 Accepted
[Fri Jul 17 15:42:47 2026] [::1]:40252 [302]: POST /login.php
[Fri Jul 17 15:42:47 2026] [::1]:40252 Closing
[Fri Jul 17 15:42:47 2026] [::1]:40258 Accepted
[Fri Jul 17 15:42:47 2026] [::1]:40258 [200]: GET /superagent/
[Fri Jul 17 15:42:47 2026] [::1]:40258 Closing
[Fri Jul 17 15:42:47 2026] [::1]:40266 Accepted
[Fri Jul 17 15:42:47 2026] [::1]:40270 Accepted
[Fri Jul 17 15:42:47 2026] [::1]:40266 [200]: GET /assets/css/style.css
[Fri Jul 17 15:42:47 2026] [::1]:40270 [200]: GET /assets/js/main.js
[Fri Jul 17 15:42:47 2026] [::1]:40266 Closing
[Fri Jul 17 15:42:47 2026] [::1]:40270 Closing
[Fri Jul 17 15:42:49 2026] [::1]:33250 Accepted
[Fri Jul 17 15:42:49 2026] [::1]:33250 [200]: GET /superagent/create.php
[Fri Jul 17 15:42:49 2026] [::1]:33250 Closing
[Fri Jul 17 15:42:49 2026] [::1]:33258 Accepted
[Fri Jul 17 15:42:49 2026] [::1]:33264 Accepted
[Fri Jul 17 15:42:49 2026] [::1]:33258 [200]: GET /assets/css/style.css
[Fri Jul 17 15:42:49 2026] [::1]:33264 [200]: GET /assets/js/main.js
[Fri Jul 17 15:42:49 2026] [::1]:33258 Closing
[Fri Jul 17 15:42:49 2026] [::1]:33264 Closing
[Fri Jul 17 15:42:50 2026] [::1]:33266 Accepted
[Fri Jul 17 15:42:50 2026] [::1]:33266 [200]: POST /superagent/create.php
[Fri Jul 17 15:42:50 2026] [::1]:33266 Closing
[Fri Jul 17 15:42:50 2026] [::1]:33272 Accepted
[Fri Jul 17 15:42:50 2026] [::1]:33272 [200]: GET /assets/css/style.css
[Fri Jul 17 15:42:50 2026] [::1]:33272 Closing
[Fri Jul 17 15:42:50 2026] [::1]:33284 Accepted
[Fri Jul 17 15:42:50 2026] [::1]:33284 [200]: GET /assets/js/main.js
[Fri Jul 17 15:42:50 2026] [::1]:33284 Closing
[Fri Jul 17 15:42:52 2026] [::1]:33286 Accepted
[Fri Jul 17 15:42:52 2026] [::1]:33286 [200]: GET /superagent/wallet.php
[Fri Jul 17 15:42:52 2026] [::1]:33286 Closing
[Fri Jul 17 15:42:52 2026] [::1]:33292 Accepted
[Fri Jul 17 15:42:52 2026] [::1]:33296 Accepted
[Fri Jul 17 15:42:52 2026] [::1]:33292 [200]: GET /assets/css/style.css
[Fri Jul 17 15:42:52 2026] [::1]:33296 [200]: GET /assets/js/main.js
[Fri Jul 17 15:42:52 2026] [::1]:33292 Closing
[Fri Jul 17 15:42:52 2026] [::1]:33296 Closing
[Fri Jul 17 15:42:55 2026] [::1]:33308 Accepted
[Fri Jul 17 15:42:55 2026] [::1]:33308 [200]: POST /superagent/wallet.php
[Fri Jul 17 15:42:55 2026] [::1]:33308 Closing
[Fri Jul 17 15:42:55 2026] [::1]:33322 Accepted
[Fri Jul 17 15:42:55 2026] [::1]:33332 Accepted
[Fri Jul 17 15:42:55 2026] [::1]:33322 [200]: GET /assets/css/style.css
[Fri Jul 17 15:42:55 2026] [::1]:33322 Closing
[Fri Jul 17 15:42:55 2026] [::1]:33332 [200]: GET /assets/js/main.js
[Fri Jul 17 15:42:55 2026] [::1]:33332 Closing
[Fri Jul 17 15:42:56 2026] [::1]:33340 Accepted
[Fri Jul 17 15:42:56 2026] [::1]:33340 [302]: GET /logout.php
[Fri Jul 17 15:42:56 2026] [::1]:33340 Closing
[Fri Jul 17 15:42:56 2026] [::1]:33346 Accepted
[Fri Jul 17 15:42:56 2026] [::1]:33346 [200]: GET /login.php
[Fri Jul 17 15:42:56 2026] [::1]:33346 Closing
[Fri Jul 17 15:42:56 2026] [::1]:33358 Accepted
[Fri Jul 17 15:42:56 2026] [::1]:33358 [200]: GET /assets/css/style.css
[Fri Jul 17 15:42:56 2026] [::1]:33370 Accepted
[Fri Jul 17 15:42:56 2026] [::1]:33370 [200]: GET /assets/js/main.js
[Fri Jul 17 15:42:56 2026] [::1]:33358 Closing
[Fri Jul 17 15:42:56 2026] [::1]:33370 Closing
[Fri Jul 17 15:42:58 2026] [::1]:36572 Accepted
[Fri Jul 17 15:42:58 2026] [::1]:36572 [302]: POST /login.php
[Fri Jul 17 15:42:58 2026] [::1]:36572 Closing
[Fri Jul 17 15:42:58 2026] [::1]:36584 Accepted
[Fri Jul 17 15:42:58 2026] [::1]:36584 [200]: GET /agent/
[Fri Jul 17 15:42:58 2026] [::1]:36584 Closing
[Fri Jul 17 15:42:58 2026] [::1]:36588 Accepted
[Fri Jul 17 15:42:58 2026] [::1]:36596 Accepted
[Fri Jul 17 15:42:58 2026] [::1]:36588 [200]: GET /assets/css/style.css
[Fri Jul 17 15:42:58 2026] [::1]:36596 [200]: GET /assets/js/main.js
[Fri Jul 17 15:42:58 2026] [::1]:36588 Closing
[Fri Jul 17 15:42:58 2026] [::1]:36596 Closing
[Fri Jul 17 15:43:00 2026] [::1]:36600 Accepted
[Fri Jul 17 15:43:00 2026] [::1]:36600 [200]: GET /agent/create.php
[Fri Jul 17 15:43:00 2026] [::1]:36600 Closing
[Fri Jul 17 15:43:00 2026] [::1]:36604 Accepted
[Fri Jul 17 15:43:00 2026] [::1]:36618 Accepted
[Fri Jul 17 15:43:00 2026] [::1]:36604 [200]: GET /assets/css/style.css
[Fri Jul 17 15:43:00 2026] [::1]:36618 [200]: GET /assets/js/main.js
[Fri Jul 17 15:43:00 2026] [::1]:36604 Closing
[Fri Jul 17 15:43:00 2026] [::1]:36618 Closing
[Fri Jul 17 15:43:02 2026] [::1]:36628 Accepted
[Fri Jul 17 15:43:02 2026] [::1]:36628 [200]: POST /agent/create.php
[Fri Jul 17 15:43:02 2026] [::1]:36628 Closing
[Fri Jul 17 15:43:02 2026] [::1]:36630 Accepted
[Fri Jul 17 15:43:02 2026] [::1]:36630 [200]: GET /assets/css/style.css
[Fri Jul 17 15:43:02 2026] [::1]:36630 Closing
[Fri Jul 17 15:43:02 2026] [::1]:36634 Accepted
[Fri Jul 17 15:43:02 2026] [::1]:36634 [200]: GET /assets/js/main.js
[Fri Jul 17 15:43:02 2026] [::1]:36634 Closing
[Fri Jul 17 15:43:03 2026] [::1]:36650 Accepted
[Fri Jul 17 15:43:03 2026] [::1]:36650 [200]: GET /agent/wallet.php
[Fri Jul 17 15:43:03 2026] [::1]:36650 Closing
[Fri Jul 17 15:43:03 2026] [::1]:36652 Accepted
[Fri Jul 17 15:43:03 2026] [::1]:36668 Accepted
[Fri Jul 17 15:43:03 2026] [::1]:36652 [200]: GET /assets/css/style.css
[Fri Jul 17 15:43:03 2026] [::1]:36652 Closing
[Fri Jul 17 15:43:03 2026] [::1]:36668 [200]: GET /assets/js/main.js
[Fri Jul 17 15:43:03 2026] [::1]:36668 Closing
[Fri Jul 17 15:43:06 2026] [::1]:36676 Accepted
[Fri Jul 17 15:43:06 2026] [::1]:36676 [200]: POST /agent/wallet.php
[Fri Jul 17 15:43:06 2026] [::1]:36676 Closing
[Fri Jul 17 15:43:06 2026] [::1]:36688 Accepted
[Fri Jul 17 15:43:06 2026] [::1]:36688 [200]: GET /assets/css/style.css
[Fri Jul 17 15:43:06 2026] [::1]:36688 Closing
[Fri Jul 17 15:43:06 2026] [::1]:36702 Accepted
[Fri Jul 17 15:43:06 2026] [::1]:36702 [200]: GET /assets/js/main.js
[Fri Jul 17 15:43:06 2026] [::1]:36702 Closing
[Fri Jul 17 15:43:08 2026] [::1]:56450 Accepted
[Fri Jul 17 15:43:08 2026] [::1]:56450 [302]: GET /logout.php
[Fri Jul 17 15:43:08 2026] [::1]:56450 Closing
[Fri Jul 17 15:43:08 2026] [::1]:56452 Accepted
[Fri Jul 17 15:43:08 2026] [::1]:56452 [200]: GET /login.php
[Fri Jul 17 15:43:08 2026] [::1]:56452 Closing
[Fri Jul 17 15:43:08 2026] [::1]:56466 Accepted
[Fri Jul 17 15:43:08 2026] [::1]:56476 Accepted
[Fri Jul 17 15:43:08 2026] [::1]:56466 [200]: GET /assets/css/style.css
[Fri Jul 17 15:43:08 2026] [::1]:56476 [200]: GET /assets/js/main.js
[Fri Jul 17 15:43:08 2026] [::1]:56466 Closing
[Fri Jul 17 15:43:08 2026] [::1]:56476 Closing
[Fri Jul 17 15:43:10 2026] [::1]:56482 Accepted
[Fri Jul 17 15:43:10 2026] [::1]:56482 [302]: POST /login.php
[Fri Jul 17 15:43:10 2026] [::1]:56482 Closing
[Fri Jul 17 15:43:10 2026] [::1]:56496 Accepted
[Fri Jul 17 15:43:10 2026] [::1]:56496 [200]: GET /user/
[Fri Jul 17 15:43:10 2026] [::1]:56496 Closing
[Fri Jul 17 15:43:10 2026] [::1]:56500 Accepted
[Fri Jul 17 15:43:10 2026] [::1]:56508 Accepted
[Fri Jul 17 15:43:10 2026] [::1]:56500 [200]: GET /assets/css/style.css
[Fri Jul 17 15:43:10 2026] [::1]:56508 [200]: GET /assets/js/main.js
[Fri Jul 17 15:43:10 2026] [::1]:56500 Closing
[Fri Jul 17 15:43:10 2026] [::1]:56508 Closing
[Fri Jul 17 15:43:11 2026] [::1]:56518 Accepted
[Fri Jul 17 15:43:11 2026] [::1]:56518 [200]: GET /user/wallet.php
[Fri Jul 17 15:43:11 2026] [::1]:56518 Closing
[Fri Jul 17 15:43:11 2026] [::1]:56528 Accepted
[Fri Jul 17 15:43:11 2026] [::1]:56542 Accepted
[Fri Jul 17 15:43:11 2026] [::1]:56528 [200]: GET /assets/css/style.css
[Fri Jul 17 15:43:11 2026] [::1]:56542 [200]: GET /assets/js/main.js
[Fri Jul 17 15:43:11 2026] [::1]:56528 Closing
[Fri Jul 17 15:43:11 2026] [::1]:56542 Closing
